lambda_um,T_H2O,A_H2O_dbm,T_CO2,A_CO2_dbm,T_O3,A_O3_dbm,T_N2O,A_N2O_dbm,T_CO,A_CO_dbm,T_CH4,A_CH4_dbm,T_O2,A_O2_dbm
1.03,0.999998198084048,7.825628598654208e-06,0.9999999966627092,1.449366971402792e-08,1.0,-0.0,1.0,-0.0,1.0,-0.0,0.9999999968962158,1.3479563660385186e-08,1.0,-0.0
1.05,0.9999997022724516,1.2930145062590388e-06,0.9999999852287316,6.41508041751618e-08,1.0,-0.0,1.0,-0.0,1.0,-0.0,0.9999999998615725,6.011829578951935e-10,0.9999999991149148,3.843876304141407e-09
1.07,0.9999928074347487,3.123702633090704e-05,0.9999999971851619,1.222468673526449e-08,1.0,-0.0,1.0,-0.0,1.0,-0.0,1.0,-0.0,0.9999999674241243,1.4147523274315723e-07
1.09,0.999927959161894,0.0003128806548387018,0.999999999908676,3.9661486859067875e-10,1.0,-0.0,1.0,-0.0,1.0,-0.0,0.9999999981172929,8.176493059176163e-09,0.9999999998135972,8.095369968437364e-10
1.11,0.9984077138224848,0.006920722353712045,0.9999999993337154,2.8936371789736436e-09,1.0,-0.0,1.0,-0.0,1.0,-0.0,0.9999999812025725,8.163619115446359e-08,1.0,-0.0
1.1300000000000001,0.9923769387936086,0.033233365713834326,0.9999999989173609,4.701841827124119e-09,1.0,-0.0,1.0,-0.0,1.0,-0.0,0.9999998575852931,6.184992575975606e-07,1.0,-0.0
1.1500000000000001,0.9960975855096433,0.016981126081242155,0.999999999758684,1.0480219296656323e-09,1.0,-0.0,1.0,-0.0,1.0,-0.0,0.9999997874607106,9.230465037905298e-07,1.0,-0.0
1.1700000000000002,0.9996218456937732,0.00164261388535784,0.9999999999776991,9.685174694062605e-11,1.0,-0.0,1.0,-0.0,0.9999999999999999,4.821637332766436e-16,0.9999997372128259,1.1412703463617068e-06,1.0,-0.0
1.1900000000000002,0.9998039837579998,0.0008513711666553925,0.9999999999855336,6.282689877386766e-11,1.0,-0.0,1.0,-0.0,0.9999999999958222,1.8143821283237996e-11,0.9999999326511608,2.924923020005048e-07,1.0,-0.0
1.2100000000000002,0.999878883430859,0.0005260344328360517,0.9999994748344336,2.2807656744793923e-06,1.0,-0.0,1.0,-0.0,0.9999999999999332,2.9026256743254916e-13,0.9999999881419206,5.149898483090487e-08,0.999999999999951,2.1263420637500502e-13
1.2300000000000002,0.999973995868682,0.00011293597578844197,0.9999998451283933,6.725988937998583e-07,1.0,-0.0,1.0,-0.0,1.0,-0.0,0.999999996449894,1.5417914430453007e-08,0.9999999997753491,9.756462603015461e-10
1.2500000000000002,0.9999988069362848,5.181412971385344e-06,0.9999999990212018,4.250866372305914e-09,1.0,-0.0,1.0,-0.0,1.0,-0.0,0.9999999990005758,4.34044419725385e-09,0.9999991716273224,3.5975783183215765e-06
1.2700000000000002,0.999996288091745,1.6120642643918415e-05,0.999999998223759,7.714116842503554e-09,1.0,-0.0,1.0,-0.0,1.0,-0.0,0.9999999997320815,1.1635551104803988e-09,0.9999875139620334,5.422651243493381e-05
1.2900000000000003,0.9999648648212965,0.0001525928230197258,0.9999999767876986,1.0080974533521013e-07,1.0,-0.0,0.9999999989018362,4.769264710676644e-09,1.0,-0.0,0.9999999992911768,3.0783801421605437e-09,0.9999996782888043,1.3971741952606285e-06
1.3100000000000003,0.9996918819071199,0.0013383460700330558,0.9999999348871226,2.8278164286361004e-07,1.0,-0.0,1.0,-0.0,1.0,-0.0,0.9999999450466396,2.38659418472132e-07,0.9999999993310769,2.905096282266347e-09
1.3300000000000003,0.9989869104350587,0.004402022275385875,0.9999999643019857,1.5503450911820864e-07,1.0,-0.0,1.0,-0.0,1.0,-0.0,0.9999997795801262,9.572714544219932e-07,0.9999999999995464,1.9701210141688125e-12
1.3500000000000003,0.9682811616936544,0.13998517441461267,0.999999980422222,8.502521016736109e-08,1.0,-0.0,1.0,-0.0,1.0,-0.0,0.9999997107691833,1.2561136587243946e-06,1.0,-0.0
1.3700000000000003,0.9272080315892919,0.3282281511628605,0.9999999977039047,9.971815258870895e-09,1.0,-0.0,0.999999999999998,8.678947198979593e-15,1.0,-0.0,0.9999997130294724,1.2462973447209954e-06,1.0,-0.0
1.3900000000000003,0.9277718876271501,0.3255879115480279,0.9999999996114985,1.6872403738200394e-09,1.0,-0.0,0.9999999996469062,1.5334667872915001e-09,1.0,-0.0,0.9999996524880082,1.5092256667913005e-06,1.0,-0.0
1.4100000000000004,0.9606026837337206,0.1745620436255984,0.9999999999918352,3.545928527277568e-11,1.0,-0.0,0.9999999998642347,5.896211537333677e-10,1.0,-0.0,0.9999997306989472,1.169559769460493e-06,1.0,-0.0
1.4300000000000004,0.987940856376518,0.05269053912522117,0.9999881926882109,5.127880629406311e-05,0.9999999999994761,2.275330657333077e-12,1.0,-0.0,1.0,-0.0,0.9999998976404104,4.445420720056969e-07,1.0,-0.0
1.4500000000000004,0.9933018523101719,0.029187546547804408,0.9999976659573321,1.013663034170152e-05,1.0,-0.0,0.9999999998194957,7.839201198537821e-10,1.0,-0.0,0.9999999690365381,1.3447260854395005e-07,1.0,-0.0
1.4700000000000004,0.9945829965357411,0.023589697708193826,0.9999999967726808,1.4016069176755378e-08,0.9999999999998783,5.284514516712335e-13,0.9999999999502207,2.1618871742209608e-10,1.0,-0.0,0.9999999785994858,9.294125347939292e-08,1.0,-0.0
1.4900000000000004,0.9980456706802718,0.008495848943875204,0.9999999699544322,1.3048624502210466e-07,0.9999999999986117,6.029457484628613e-12,1.0,-0.0,1.0,-0.0,0.9999999914324238,3.7208510846411703e-08,1.0,-0.0
1.5100000000000005,0.999749708950251,0.0010871362736735038,0.9999999963669888,1.5777967306588092e-08,0.9999999999990343,4.19386015204227e-12,0.9999999943632154,2.448024452030017e-08,1.0,-0.0,0.9999999973576396,1.147562560486227e-08,1.0,-0.0
1.5300000000000005,0.9999651747049328,0.00015124696840861066,0.9999996176224514,1.6606449112096756e-06,0.9999999999984921,6.5487478253683105e-12,0.9999999934538576,2.842953533947626e-08,1.0,-0.0,0.9999999991230466,3.808560221466445e-09,1.0,-0.0
1.5500000000000005,0.9999943549843194,2.451606080011263e-05,0.9999998209615689,7.775540962756342e-07,1.0,-0.0,0.9999999999839367,6.976185974969148e-11,0.9999999999895124,4.55471149004837e-11,0.9999999996574057,1.4878680808559335e-09,0.9999999999965643,1.4921038890004644e-11
1.5700000000000005,0.9999975665249781,1.0568460597803502e-05,0.9999960177710381,1.729463507398624e-05,0.9999999999885301,4.9813299612562274e-11,0.9999999993520692,2.813927799190905e-09,0.9999999985040505,6.496826028604939e-09,0.9999999996960411,1.3200765481126183e-09,0.9999999999120132,3.8212199109455e-10
1.5900000000000005,0.9999972439238851,1.196950297843651e-05,0.9999987421368784,5.462833562540979e-06,0.9999999999917958,3.563045339809029e-11,0.9999999984803053,6.599950243706174e-09,0.9999999993782036,2.700427420632992e-09,0.9999999990732088,4.0250030393658006e-09,0.9999999998808555,5.174378677065212e-10
1.6100000000000005,0.9999984743746102,6.625711936584957e-06,0.9999951835346644,2.0917693549861438e-05,0.9999999999994205,2.5168946877048085e-12,0.9999999996288256,1.611990044266437e-09,0.9999999999867402,5.758674332054445e-11,0.9999999658653871,1.4824474283474613e-07,0.9999999999981286,8.127351888118709e-12
1.6300000000000006,0.9999984905753163,6.5553530571486325e-06,0.9999998745646855,5.447586832612182e-07,0.999999999988267,5.09555454967079e-11,0.9999999999276847,3.1406120499096366e-10,0.9999999999999691,1.34041517850909e-13,0.9999993277873316,2.919383506816381e-06,1.0,-0.0
1.6500000000000006,0.9999954339103407,1.983032070248258e-05,0.9999995214413336,2.078354377984525e-06,0.9999999999949295,2.2020899862533414e-11,0.9999999999999992,3.3751461329365063e-15,1.0,-0.0,0.9999983771324874,7.048029774816746e-06,1.0,-0.0
1.6700000000000006,0.9999915712166865,3.66058950940381e-05,0.9999999623773825,1.6339295467548276e-07,0.9999999999980641,8.407489017152971e-12,0.9999999911456096,3.845412927066301e-08,1.0,-0.0,0.9999983564042346,7.138051579865514e-06,1.0,-0.0
1.6900000000000006,0.999979180878999,9.041723489525431e-05,0.9999999990843551,3.9765952469914314e-09,0.9999999999946669,2.316121709173861e-11,0.9999999960678609,1.7077062986724213e-08,1.0,-0.0,0.9999990623133189,4.0723234227521115e-06,1.0,-0.0
1.7100000000000006,0.9999509537408243,0.00021301042090479346,0.9999999996294421,1.6093125890545589e-09,0.9999999999990777,4.005334132330925e-12,0.9999999981081633,8.216142347365797e-09,1.0,-0.0,0.999999118400856,3.8287381226928665e-06,1.0,-0.0
1.7300000000000006,0.9998456770218128,0.0006702678987751911,0.9999999998628597,5.955927515708138e-10,0.9999999999519992,2.0846493657835993e-10,0.999999999820371,7.801187409799445e-10,1.0,-0.0,0.9999991393280467,3.7378524088393817e-06,1.0,-0.0
1.7500000000000007,0.9996653190492335,0.0014537441849751594,0.9999999951370949,2.1119328467979566e-08,0.9999999999672,1.4244852470665462e-10,0.999999999942913,2.479256986755271e-10,1.0,-0.0,0.9999996741380404,1.415200739909772e-06,1.0,-0.0
1.7700000000000007,0.9992709634070008,0.0031673203810161712,0.9999999958144308,1.8177696216487183e-08,0.999999999985846,6.147009002840776e-11,0.999999989789834,4.434218795715708e-08,1.0,-0.0,0.9999995315943805,2.0342602349021e-06,1.0,-0.0
1.7900000000000007,0.9968491002648918,0.013705787818831682,0.9999999929595782,3.057616349255906e-08,0.9999999999937081,2.732518309233991e-11,0.9999999983330495,7.239473898321417e-09,1.0,-0.0,0.9999994424706243,2.4213199884880706e-06,1.0,-0.0
1.8100000000000007,0.977274580237639,0.099833974602374,0.9999999986398931,5.90686928811076e-09,0.9999999998943898,4.586592156310933e-10,0.9999999994649812,2.3235571567201176e-09,1.0,-0.0,0.9999997113505784,1.2535886909219035e-06,1.0,-0.0
1.8300000000000007,0.9114423835100239,0.4027077990482642,0.9999999999126971,3.791518624973056e-10,0.9999999999700149,1.3022374541277484e-10,0.9999999999893654,4.618549968334872e-11,1.0,-0.0,0.9999998385606805,7.011221126669602e-07,1.0,-0.0
1.8500000000000008,0.9044135290070124,0.43632949722139036,0.9999999999761522,1.0356973423652454e-10,0.9999999999999997,1.446491199829931e-15,1.0,-0.0,1.0,-0.0,0.9999999290849623,3.079801066252669e-07,1.0,-0.0
1.8700000000000008,0.9000202698296604,0.45747709476185616,0.9999997923593457,9.017719975965512e-07,0.9999999999989392,4.607074471460772e-12,1.0,-0.0,1.0,-0.0,0.9999999733093986,1.159158105952787e-07,1.0,-0.0
1.8900000000000008,0.948479602092192,0.22972004568739687,0.9999994497996748,2.3894903090585122e-06,0.9999999998411488,6.898817982819489e-10,1.0,-0.0,1.0,-0.0,0.999999988391869,5.041347272971207e-08,1.0,-0.0
1.9100000000000008,0.923352166176879,0.3463262762277374,0.9999999545325233,1.974627467386255e-07,0.999999999986871,5.701875444273706e-11,1.0,-0.0,1.0,-0.0,0.9999999838689341,7.005632976017819e-08,1.0,-0.0
1.9300000000000008,0.9549973793968397,0.19997820159764984,0.9999997374372842,1.14029553591737e-06,1.0,-0.0,0.9999999997946833,8.916788926245669e-10,1.0,-0.0,0.9999999845544801,6.70790409847486e-08,1.0,-0.0
1.9500000000000008,0.9915105717375539,0.03702650875917895,0.9998986854941665,0.0004400255990669338,0.99999999999999,4.339473599489813e-14,0.9999999768631846,1.0048191352641077e-07,1.0,-0.0,0.9999999909230931,3.942050594174692e-08,1.0,-0.0
1.9700000000000009,0.9979882069382103,0.008745906684613483,0.9999125648216269,0.0003797427565962436,0.9999999998615889,6.011115976626587e-10,0.9999999808553638,8.314409943491741e-08,1.0,-0.0,0.9999999945907251,2.3492182538519243e-08,1.0,-0.0
1.9900000000000009,0.9993274739239926,0.0029217262161540573,0.9999652948266021,0.00015072526849034591,0.9999999999549222,1.9577052980806165e-10,0.999999962249309,1.639491710645329e-07,1.0,-0.0,0.9999999958448546,1.804556744161516e-08,1.0,-0.0
2.0100000000000007,0.9997123539625871,0.0012494105705135514,0.9994851130761122,0.002236701372057412,0.9999999999730664,1.1697099303955584e-10,0.9999999898077165,4.426452487951849e-08,1.0,-0.0,0.9999999983954215,6.968595759014706e-09,1.0,-0.0
2.030000000000001,0.9999093169699486,0.00039384925352783625,0.999944538924259,0.0002408710710932224,0.9999999990760576,4.012630717958473e-09,0.999999994055687,2.5815823604298207e-08,1.0,-0.0,0.9999999992200407,3.3873202863589926e-09,1.0,-0.0
2.0500000000000007,0.9999463023531626,0.00023321217865528325,0.9999353208554334,0.0002809070403066475,0.9999999992658226,3.188491874008376e-09,0.999999996643279,1.4578054153598568e-08,1.0,-0.0,0.999999999641808,1.5556082280951713e-09,1.0,-0.0
2.070000000000001,0.9999590594327088,0.0001778062643750854,0.9999344073026895,0.000284874807906867,0.9999999998995964,4.360471830292893e-10,0.9999999999999291,3.0810262556378616e-13,1.0,-0.0,0.9999999996420363,1.5546164172954661e-09,1.0,-0.0
2.0900000000000007,0.9999705650331951,0.0001278363180216504,0.9999930879434218,3.0018784051092473e-05,0.9999999999618499,1.6568399501408037e-10,0.9999999995675771,1.8779886862561737e-09,1.0,-0.0,0.9999999993058619,3.014603380787837e-09,1.0,-0.0
2.110000000000001,0.9999686043063304,0.00013635190560490077,0.9999996531092104,1.506527818975111e-06,0.9999999999838334,7.021075418537926e-11,0.9999995054731249,2.1477034612087415e-06,1.0,-0.0,0.9999999952635658,2.0570072612908698e-08,1.0,-0.0
2.130000000000001,0.9999810649774934,8.22345364521823e-05,0.9999999831593696,7.31379293592976e-08,0.9999999999778528,9.618395017002307e-11,0.9999997816299636,9.483691217052419e-07,1.0,-0.0,0.9999999464390327,2.3261233178899372e-07,1.0,-0.0
2.1500000000000012,0.9999784501869827,9.359065722869423e-05,0.999999995977728,1.7468505204323038e-08,0.9999999986158719,6.0111921622405724e-09,0.9999999435768646,2.450425704117504e-07,1.0,-0.0,0.9999996912912853,1.3407051200509015e-06,1.0,-0.0
2.170000000000001,0.9999611475612483,0.00016873727553194355,0.9999999634482005,1.5874245106193026e-07,0.9999999995838535,1.8073010721091598e-09,0.9999999431909197,2.4671870809585295e-07,1.0,-0.0,0.9999991329370664,3.7656081076013526e-06,1.0,-0.0
2.1900000000000013,0.9999319407068212,0.0002955878135606808,0.9999999882531213,5.101604625480897e-08,0.9999999999194702,3.4973649961882896e-10,0.9999999963049067,1.6047586516932025e-08,1.0,-0.0,0.9999990179371243,4.2650469722030935e-06,1.0,-0.0
2.210000000000001,0.9999680829290164,0.0001386162901916744,0.9999999988848799,4.8429050955777455e-09,0.9999999998791879,5.246804491449386e-10,0.9999999993732261,2.722044267300479e-09,1.0,-0.0,0.9999974209079266,1.1200869001812154e-05,1.0,-0.0
2.2300000000000013,0.9999914648253769,3.70679505997402e-05,0.999999999789931,9.123179112317602e-10,0.9999999999173791,3.5881805353583534e-10,0.9999999986303821,5.9481748087057476e-09,1.0,-0.0,0.9999968949804484,1.348494951008108e-05,1.0,-0.0
2.250000000000001,0.9999964303224756,1.5502940180262028e-05,0.9999999972852107,1.179018006418358e-08,0.9999999999810109,8.246880277668684e-11,0.9999994935787513,2.199360095250994e-06,1.0,-0.0,0.9999941795477294,2.5277976597725986e-05,1.0,-0.0
2.2700000000000014,0.9999946099128069,2.3408914337663176e-05,0.9999999986765788,5.747545032527984e-09,0.9999999999636475,1.5787679984457412e-10,0.9999993197331652,2.954362330421762e-06,1.0,-0.0,0.9999917038551372,3.602984880425971e-05,1.0,-0.0
2.290000000000001,0.9999811181433966,8.200363550220007e-05,0.999999999484537,2.238627390204961e-09,0.999999999817255,7.936516304842721e-10,0.9999998347965598,7.174694837501373e-07,0.9999999999816761,7.95796776868393e-11,0.9999896140024948,4.510604829195385e-05,1.0,-0.0
2.3100000000000014,0.9999864105151622,5.901878378781955e-05,0.9999999999029168,4.2162711225676085e-10,0.9999999998156623,8.00568269239395e-10,0.9999999894000402,4.603504073411895e-08,0.9999999475801001,2.2765673850092188e-07,0.9999885932464613,4.953918372414468e-05,1.0,-0.0
2.330000000000001,0.9999306171050081,0.0003013365382562245,0.9999999999865526,5.840111786605957e-11,0.9999999999688954,1.3508540233555173e-10,0.9999999999554992,1.932647248861107e-10,0.9999996612668202,1.4710997575704488e-06,0.9999920079168566,3.470931478092651e-05,1.0,-0.0
2.3500000000000014,0.999772506069856,0.0009881059835989477,0.9999999999950622,2.1444714201264943e-11,0.9999999996786013,1.3958167560143287e-09,1.0,-0.0,0.9999998690466143,5.687233651587609e-07,0.9999836893582564,7.083679475367908e-05,1.0,-0.0
2.370000000000001,0.9996254130210536,0.0016271153466328482,0.9999999999983848,7.014517991714275e-12,0.9999999997657838,1.017188041078993e-09,1.0,-0.0,0.9999998067240645,8.39386803746019e-07,0.9999845689077056,6.701689940530664e-05,1.0,-0.0
2.3900000000000015,0.9992184613329845,0.0033955063374364164,0.9999999999968436,1.370791493707661e-11,0.9999999998996729,4.3571497221702835e-10,1.0,-0.0,0.9999999496070522,2.188537971416014e-07,0.9999916315615764,3.634381836569057e-05,1.0,-0.0
2.410000000000001,0.9979711449082439,0.0088201561472372,0.9999999999981136,8.192443992111177e-12,0.9999999998024616,8.57898501464401e-10,0.999999999887737,4.875519130233771e-10,0.9999999947077994,2.2983735093093653e-08,0.9999962404626315,1.6327494028550444e-05,1.0,-0.0
2.4300000000000015,0.997584990222451,0.010500939246663456,0.9999999999999055,4.103213370184431e-13,0.9999999998409371,6.908012845214536e-10,0.999999999960028,1.7359630187745914e-10,0.9999999996534426,1.5050798796486404e-09,0.9999978900405263,9.163447231907166e-06,1.0,-0.0
2.450000000000001,0.9966156661813091,0.014722902709025704,0.9999999999993529,2.8105324012704645e-12,0.9999999999305911,3.014391227803533e-10,0.9999999938032883,2.6911977053002206e-08,0.9999999999868044,5.730757051897357e-11,0.9999990689143744,4.043655376268054e-06,1.0,-0.0
2.4700000000000015,0.9947771181351602,0.022742129295699687,0.999999998422846,6.849492637758698e-09,0.9999999993491693,2.826521915912269e-09,0.999999977916419,9.590777459182293e-08,0.9999999999997548,1.0650996868082363e-12,0.9999996253016167,1.6272947074154096e-06,1.0,-0.0
2.490000000000001,0.9884715109445106,0.05035843110946117,0.999999904839416,4.132771847850919e-07,0.999999975952562,1.044366977062449e-07,0.9999999983339368,7.235620445758648e-09,0.9999999999999949,2.217953173072566e-14,0.999999791943106,9.035797040615498e-07,1.0,-0.0
2.5100000000000016,0.9758717035503672,0.10607274651519658,0.9999999658574935,1.4827902419518867e-07,0.9999999916554541,3.6239902722043774e-08,0.9999999999998107,8.22089165236755e-13,0.9999999999999999,4.821637332766436e-16,0.9999998445910003,6.749327623894701e-07,1.0,-0.0
2.530000000000001,0.9269315451681084,0.3295233775787832,0.9999999829608959,7.399988962256787e-08,0.9999999977597909,9.72910464259106e-09,0.9999999996327169,1.5950902054088509e-09,1.0,-0.0,0.9999998390299008,6.990843148226865e-07,1.0,-0.0
2.5500000000000016,0.8737128960452805,0.5863125403303651,0.999999997654137,1.0187953349597268e-08,0.9999999995028207,2.1592222557500925e-09,0.999999998986925,4.3997286391385354e-09,1.0,-0.0,0.9999995877862026,1.7902221448568703e-06,1.0,-0.0
2.570000000000001,0.6977534377459323,1.5629801511821246,0.9999999899592219,4.360654543804711e-08,0.9999999996113259,1.6879901384255757e-09,0.9999999709267603,1.2626347758294079e-07,1.0,-0.0,0.9999987146845085,5.582057841915313e-06,1.0,-0.0
2.5900000000000016,0.6159404405596568,2.1046128067135594,0.9999999630623616,1.604181282463434e-07,0.999999997905921,9.094469645711132e-09,0.9999991780150486,3.569836753346284e-06,1.0,-0.0,0.9999986964621972,5.66119643692078e-06,1.0,-0.0
2.610000000000001,0.6219455671206793,2.0624762324097996,0.9999991334455812,3.763399654032501e-06,0.9999999986992527,5.649073697479159e-09,0.9999991077966142,3.874791800601094e-06,1.0,-0.0,0.9999993901888122,2.648377146011806e-06,1.0,-0.0
2.6300000000000017,0.7378043160306738,1.3205880855239402,0.9999992835976385,3.1112970388835695e-06,0.9999999995209192,2.0806213704041665e-09,0.9999996272984076,1.618622751242835e-06,1.0,-0.0,0.9999997464987287,1.100942172389729e-06,1.0,-0.0
2.6500000000000012,0.8080656956178904,0.9255332971488079,0.9999972409673702,1.1982342995005448e-05,0.9999999996608354,1.472973078802474e-09,0.9999996009338755,1.7331225035729034e-06,1.0,-0.0,0.9999999400530952,2.603461073066283e-07,1.0,-0.0
2.6700000000000017,0.4745889868124378,3.2368234412559542,0.9907452991476633,0.04037979613579372,0.9999999991814293,3.55500718965197e-09,0.9999995377791719,2.0074000143897795e-06,1.0,-0.0,0.9999999806736047,8.393346898439786e-08,1.0,-0.0
2.6900000000000013,0.7327946407796361,1.3501771549787827,0.9777216891412841,0.09784750602348544,0.999999994408937,2.4281677921892506e-08,0.9999997499674173,1.0858778455925966e-06,1.0,-0.0,0.9999999883184473,5.073233918217066e-08,1.0,-0.0
2.7100000000000017,0.7487282713491629,1.2567576796835576,0.984845662683677,0.0663182340756241,0.9999999931900733,2.9575136126515133e-08,0.9999999928255849,3.115808883504156e-08,1.0,-0.0,0.9999999931042469,2.9947875213897625e-08,1.0,-0.0
2.7300000000000013,0.671923293360594,1.7268030309448639,0.9993090306274559,0.003001879079328176,0.9999999962583581,1.6249744270462088e-08,0.9999999935993061,2.7797860343041167e-08,1.0,-0.0,0.9999999949536971,2.1915815225089265e-08,1.0,-0.0
2.7500000000000018,0.7129639946996834,1.4693240184249448,0.9888528353687361,0.04868336858754479,0.9999999990255409,4.232021967099858e-09,0.9999999352107416,2.813761832240321e-07,1.0,-0.0,0.9999999975019633,1.0848835411687123e-08,1.0,-0.0
2.7700000000000014,0.7119852111274274,1.4752902713906446,0.9873675206167093,0.05521162967143791,0.9999999995747123,1.8470009874326613e-09,0.9999999410140917,2.561725522677012e-07,1.0,-0.0,0.9999999984264887,6.83367284564497e-09,1.0,-0.0
2.790000000000002,0.8251472073386226,0.8346856583576763,0.991689203799541,0.03624414764782005,0.9999999998205921,7.791587529868184e-10,0.9999999795319698,8.889152644736298e-08,1.0,-0.0,0.9999999990278097,4.22216895120076e-09,1.0,-0.0
2.8100000000000014,0.8155146986791809,0.8856820691342802,0.9987347541526284,0.005498372027801618,0.9999999998337379,7.220671918108634e-10,0.9999999993895319,2.651229361914064e-09,1.0,-0.0,0.9999999994121731,2.5528997830731112e-09,1.0,-0.0
2.830000000000002,0.893610354515442,0.48851807570529643,0.9998754432268666,0.0005409768844220443,0.9999999999325478,2.929409869807709e-10,0.9999999984225013,6.850989756152884e-09,1.0,-0.0,0.9999999997638283,1.0256808730789253e-09,1.0,-0.0
2.8500000000000014,0.9380002804946028,0.2779703175180975,0.9999917507986712,3.582597394011889e-05,0.9999999999856182,6.245949000910555e-11,0.9999887635101571,4.879972951674099e-05,1.0,-0.0,0.9999999998692902,5.676653459719572e-10,1.0,-0.0
2.870000000000002,0.9645205520922203,0.1568851393492532,0.9999991193252611,3.82472347878087e-06,0.9999999998443905,6.75803581595524e-10,0.9999753509851449,0.00010705063071094666,1.0,-0.0,0.9999999999277546,3.1375792400271075e-10,1.0,-0.0
2.8900000000000015,0.9835690297164918,0.0719515463338791,0.9999996682007821,1.4409859333040344e-06,0.9999999989348796,4.625759282913761e-09,0.9999790862010506,9.082842458067818e-05,1.0,-0.0,0.9999999999446358,2.4044348186211947e-10,1.0,-0.0
2.910000000000002,0.9719920334503391,0.12337294582713124,0.9999998825714788,5.099856178701738e-07,0.9999999992657024,3.1890140573318986e-09,0.9999962431068377,1.631601034383052e-05,1.0,-0.0,0.9999999999653988,1.502711491155985e-10,1.0,-0.0
2.9300000000000015,0.9844023596782925,0.06827353935068857,0.9999999614774949,1.6730111705294713e-07,0.999999999720843,1.2123635808858777e-09,0.999999787705833,9.219819506512662e-07,1.0,-0.0,0.9999999999674308,1.4144610630513972e-10,1.0,-0.0
2.950000000000002,0.9848567849351046,0.06626918775974779,0.9999998531517611,6.377538451509119e-07,0.9999999998429533,6.820451911237659e-10,0.9999992086087621,3.4369698363528563e-06,1.0,-0.0,0.9999999999249966,3.25735835465651e-10,1.0,-0.0
2.9700000000000015,0.98710042642346,0.05638660478468824,0.9999980365498086,8.527164207647938e-06,0.9999999999309754,2.99769871935634e-10,0.9999988738309814,4.890892658647884e-06,1.0,-0.0,0.9999999997855591,9.313050368884914e-10,1.0,-0.0
2.990000000000002,0.9929989115551122,0.03051227542753457,0.9999989766448933,4.444377032566974e-06,0.9999999998987509,4.397193420222945e-10,0.9999987988111313,5.216700107142214e-06,1.0,-0.0,0.9999999993057045,3.0152870889620983e-09,1.0,-0.0
3.0100000000000016,0.9937703055350752,0.027139843815207395,0.9999994172180118,2.530990753887168e-06,0.9999999995034212,2.1566142321155033e-09,0.9999996544366251,1.5007629280387751e-06,1.0,-0.0,0.999999998229118,7.690842799057013e-09,1.0,-0.0
3.030000000000002,0.9896246635914309,0.04529489684324499,0.9999996003192189,1.7357919245912693e-06,0.999999999562513,1.8999821027954206e-09,0.9999999498446707,2.1782183314115413e-07,1.0,-0.0,0.9999999963861717,1.5694657127795754e-08,1.0,-0.0
3.0500000000000016,0.9876327787258496,0.0540450462151136,0.9999999591070758,1.7759571673822328e-07,0.9999999995708589,1.8637359262943763e-09,0.9999999953876021,2.003138964429934e-08,1.0,-0.0,0.9999999912245665,3.8111223581644917e-08,1.0,-0.0
3.070000000000002,0.9923340037139899,0.03342126681078489,0.9999999953773727,2.0075815246561118e-08,0.9999999996037123,1.7210554807754657e-09,0.9999999999697591,1.3133465065427767e-10,1.0,-0.0,0.9999999800781816,8.651935894226095e-08,1.0,-0.0
3.0900000000000016,0.9875997737792248,0.05419018220102912,0.9999999884312929,5.024225686820514e-08,0.9999999998036208,8.52864229924268e-10,0.9999999999999982,7.714619732426303e-15,1.0,-0.0,0.9999999712568851,1.2482976368059664e-07,1.0,-0.0
3.110000000000002,0.9881285669023522,0.05186545024069309,0.9999998646787557,5.876927366931876e-07,0.9999999998499789,6.515333879136021e-10,0.999999999999084,3.9783329632674085e-12,1.0,-0.0,0.9999997653311106,1.0191541571273577e-06,1.0,-0.0
3.1300000000000017,0.9931204191140449,0.029980886788342764,0.9999998452438322,6.72097549033493e-07,0.9999999862147642,5.986851899060493e-08,0.9999999966390187,1.4596556222597736e-08,1.0,-0.0,0.9999990135750885,4.283991071816285e-06,1.0,-0.0
3.150000000000002,0.9947408849376213,0.02290031713547119,0.9999999441657704,2.4248498481871374e-07,0.9999999897218911,4.463726011085181e-08,0.9999999916608937,3.6216278627571086e-08,1.0,-0.0,0.9999911202629346,3.856437930368992e-05,1.0,-0.0
3.1700000000000017,0.9995395924959978,0.0019999848234975156,0.9999998596350147,6.095974284720818e-07,0.9999999934833907,2.830127448178589e-08,0.9999999962623509,1.6232403733893677e-08,1.0,-0.0,0.9999752946401588,0.0001072953399152354,1.0,-0.0
3.190000000000002,0.9926188878969441,0.032174651538342876,0.9999999685732086,1.3648482299696848e-07,0.9999999957043199,1.865590186970525e-08,0.9999999984712288,6.639369057616557e-09,1.0,-0.0,0.9999346598292927,0.0002837780270010848,1.0,-0.0
3.2100000000000017,0.9837635724011217,0.0710926288878527,0.9999999933887267,2.871239524897266e-08,0.9999999960135807,1.7312799104985042e-08,0.9999999983456507,7.184747832339904e-09,1.0,-0.0,0.9998522624359503,0.0006416634884338168,1.0,-0.0
3.230000000000002,0.9877915886809217,0.053346762965745774,0.9999999935239864,2.8124969865076753e-08,0.9999999879845384,5.218248712893585e-08,0.9999999995267116,2.0554654419359456e-09,1.0,-0.0,0.9997861771723766,0.0009287200357287523,1.0,-0.0
3.2500000000000018,0.9934295354191658,0.028629322420605903,0.9999999995387683,2.003103906968835e-09,0.9999999949270353,2.2031605881894042e-08,0.9999999990366245,4.183886597232745e-09,1.0,-0.0,0.9997394448503802,0.0011317240817855616,1.0,-0.0
3.2700000000000022,0.9873421311313428,0.05532330698444301,0.9999999997079535,1.268341826007817e-09,0.999999783296997,9.41129286061717e-07,0.9999999979742671,8.797646275748469e-09,1.0,-0.0,0.999779762516944,0.0009565845777516519,1.0,-0.0
3.290000000000002,0.9901866145628481,0.04282948799106136,0.9999999999304303,3.021372958661864e-10,0.9999998524284908,6.408949687566695e-07,0.9999999965530119,1.497007930692769e-08,1.0,-0.0,0.9999364234536186,0.00027611821013340254,1.0,-0.0
3.3100000000000023,0.9930684782155291,0.03020803180607975,0.9999999998358249,7.130034779512315e-10,0.9999998693453425,5.674260051032786e-07,0.9999999997886881,9.177157342269295e-10,1.0,-0.0,0.9992058946252675,0.003450125886092125,1.0,-0.0
3.330000000000002,0.9950077486296388,0.02173537169861274,0.999999999525323,2.0614958637508945e-09,0.9999999364297856,2.7608194216070944e-07,0.9999999999998707,5.617207492673261e-13,1.0,-0.0,0.9999257172496862,0.00032261786823864155,1.0,-0.0
3.3500000000000023,0.9966620693103366,0.014520696839522519,0.9999999998690628,5.686528172978369e-10,0.999999978964181,9.135740199512953e-08,1.0,-0.0,1.0,-0.0,0.9998665544573542,0.0005795853004542897,1.0,-0.0
3.370000000000002,0.997760349373797,0.009737587555448943,0.9999999999347324,2.8345345120045683e-10,0.9999999881909325,5.1286128826693715e-08,1.0,-0.0,1.0,-0.0,0.9999026317248176,0.00042288563439790467,1.0,-0.0
3.3900000000000023,0.9993093081240358,0.0030006730938623477,0.9999999999879403,5.237455336375794e-11,0.9999999947081407,2.2982252921769716e-08,0.9999999999999873,5.4966665593537714e-14,1.0,-0.0,0.99983752210186,0.0007056898769907347,1.0,-0.0
3.410000000000002,0.9992159909773884,0.0034062433601341454,0.9999999999999905,4.146608106179155e-14,0.9999999958314219,1.8103904914110827e-08,0.9999999999891811,4.698589148059653e-11,1.0,-0.0,0.9998686667028046,0.0005704107204014576,1.0,-0.0
3.4300000000000024,0.999912015626509,0.0003821280899053812,1.0,-0.0,0.9999999975221598,1.0761123078093613e-08,0.9999999988992221,4.780617737952857e-09,1.0,-0.0,0.9999422376802644,0.00025086581259660504,1.0,-0.0
3.450000000000002,0.9998400541448633,0.0006946915808921682,0.9999999999998389,6.996195769844661e-13,0.9999999985577274,6.263710470825342e-09,0.9999999954869342,1.9599995821513458e-08,1.0,-0.0,0.9999547438083217,0.00019654959075484345,1.0,-0.0
3.4700000000000024,0.9999659912575531,0.00014770060338151057,0.9999999999968444,1.3704539790943664e-11,0.9999999990534931,4.1106271216924664e-09,0.9999999951828955,2.0920419051309566e-08,1.0,-0.0,0.999975658680754,0.00010571429292573624,1.0,-0.0
3.490000000000002,0.9999716712072545,0.0001230321263675576,0.9999999999910344,3.89371322809299e-11,0.9999999991632526,3.633948000456825e-09,0.9999999986792719,5.73584918683443e-09,1.0,-0.0,0.9999897421961954,4.45493043772073e-05,1.0,-0.0
3.5100000000000025,0.9999880939000771,5.1707842794823505e-05,0.9999999999946596,2.3193039898135037e-11,0.9999999993786146,2.6986424504912924e-09,0.9999999996196428,1.651870288824467e-09,1.0,-0.0,0.9999942591112295,2.4932434709624916e-05,1.0,-0.0
3.530000000000002,0.9999834913073204,7.169693315460227e-05,0.9999999999897077,4.469898889364127e-11,0.9999999996389541,1.5680022468635045e-09,0.9999999314106699,2.9787968603372323e-07,1.0,-0.0,0.9999913903955071,3.739119818827342e-05,1.0,-0.0
3.5500000000000025,0.999977798927861,9.641910153078339e-05,0.9999999999983885,6.998606588516121e-12,0.9999999997355492,1.1484952084312274e-09,0.9999992656880595,3.189077408331544e-06,1.0,-0.0,0.9999911378338215,3.8488069234225105e-05,1.0,-0.0
3.570000000000002,0.9999973658692394,1.1439899606616814e-05,0.9999999999999991,3.85730986621315e-15,0.9999999567712554,1.877400563820566e-07,0.9999974459618479,1.109206092496904e-05,1.0,-0.0,0.9999939179939116,2.6413897155876607e-05,1.0,-0.0
3.5900000000000025,0.9999904836452806,4.132920007646226e-05,1.0,-0.0,0.9999999730157239,1.1719122386864238e-07,0.9999990941544,3.934039237068644e-06,1.0,-0.0,0.9999942128539743,2.513332857460447e-05,1.0,-0.0
3.610000000000002,0.9999988520152218,4.9856374066957195e-06,0.9999999999999951,2.121520426417237e-14,0.9999999670023365,1.4330703406072818e-07,0.9999995040311332,2.1539659544201275e-06,1.0,-0.0,0.9999954792515625,1.9633405383608185e-05,1.0,-0.0
3.6300000000000026,0.9999956698879006,1.8805478623027527e-05,0.9999999999990254,4.23243325070444e-12,0.9999999806573296,8.400415081391669e-08,0.9999998768892167,5.346633716087073e-07,1.0,-0.0,0.9999966138158362,1.4706035869347333e-05,1.0,-0.0
3.650000000000002,0.9999963552441031,1.582900258539242e-05,0.9999999999999987,5.785964799319727e-15,0.9999999890325318,4.763110926666124e-08,0.9999999776037558,9.726565377095039e-08,1.0,-0.0,0.9999957918397158,1.8275846357952967e-05,1.0,-0.0
3.6700000000000026,0.9999985325137316,6.373216562617963e-06,0.9999999999992812,3.1215280092341124e-12,0.9999999963097286,1.6026645181591024e-08,0.9999999968573804,1.364822357048465e-08,1.0,-0.0,0.9999968816666129,1.3542770942815626e-05,1.0,-0.0
3.690000000000002,0.9999996337417346,1.5906397273651939e-06,0.9999999999990057,4.318258395227766e-12,0.9999999969064033,1.343531983391889e-08,0.9999999999089304,3.955102314776412e-10,1.0,-0.0,0.9999971864221391,1.2219230583896918e-05,1.0,-0.0
3.7100000000000026,0.9999980921062643,8.285885118864302e-06,0.9999999999996618,1.4686707315609047e-12,0.9999999979092035,9.080213992743245e-09,0.9999999996923229,1.3362246937087248e-09,1.0,-0.0,0.9999975037940773,1.0840898109972455e-05,1.0,-0.0
3.730000000000002,0.9999987596579235,5.386740535628857e-06,0.9999999999999999,4.821637332766436e-16,0.9999999985005206,6.512156424527431e-09,0.9999999984589358,6.692756637065558e-09,1.0,-0.0,0.999997975208644,8.793566031844558e-06,1.0,-0.0
3.7500000000000027,0.999999478618989,2.2643295508909227e-06,1.0,-0.0,0.9999999990351809,4.190156172262586e-09,0.9999999995031511,2.157787336479148e-09,1.0,-0.0,0.999998772175096,5.332379078994529e-06,1.0,-0.0
3.7700000000000022,0.9999998910401453,4.7320666220780387e-07,1.0,-0.0,0.999999999569599,1.869208002505685e-09,0.999999999036479,4.18451871388768e-09,1.0,-0.0,0.9999987077674773,5.612098165313606e-06,1.0,-0.0
3.7900000000000027,0.9999996118711538,1.685622488726887e-06,1.0,-0.0,0.9999999997926874,9.003472322232027e-10,0.9999999994913318,2.2091180053858533e-09,1.0,-0.0,0.9999986053165724,6.057037390066847e-06,1.0,-0.0
3.8100000000000023,0.9999993040182962,3.0226111866065245e-06,0.9999999999994713,2.2960636978639837e-12,0.9999999999103669,3.89271514932211e-10,0.9999999904244019,4.1586294322878696e-08,1.0,-0.0,0.9999990262221843,4.229065378737737e-06,1.0,-0.0
3.8300000000000027,0.9999995974854636,1.7480987721240893e-06,0.9999999999978998,9.121091342403845e-12,0.9999999999330701,2.906728887792852e-10,0.9999996874397283,1.3574322246013435e-06,1.0,-0.0,0.9999994841334443,2.240380563235631e-06,1.0,-0.0
3.8500000000000023,0.9999997035349953,1.287531346851974e-06,0.9999999999972924,1.1759009127166702e-11,0.9999999999049949,4.126019714964219e-10,0.9999961647328,1.6656385756916845e-05,1.0,-0.0,0.9999982752809513,7.490366116186234e-06,1.0,-0.0
3.8700000000000028,0.9999997769545648,9.68674125381229e-07,0.9999999999947308,2.2883972945103072e-11,0.9999999999301435,3.0338272478932675e-10,0.9999806389122181,8.408494986386033e-05,1.0,-0.0,0.9999992525460542,3.2461524547631225e-06,1.0,-0.0
3.8900000000000023,0.9999993044972638,3.020531055114228e-06,0.9999999999944483,2.411059748256549e-11,0.9999999999202593,3.463092798024239e-10,0.9999803135723965,8.549791034296831e-05,1.0,-0.0,0.9999992780965671,3.135187905497158e-06,1.0,-0.0
3.910000000000003,0.9999997615762792,1.0354611862763001e-06,0.9999999999962699,1.6199737110658884e-11,0.9999999999164704,3.6276456369303257e-10,0.9999866128051798,5.814023755418191e-05,1.0,-0.0,0.9999989388525651,4.608507199877494e-06,1.0,-0.0
3.9300000000000024,0.999999545437042,1.974142292282605e-06,0.9999999999989837,4.413726814416638e-12,0.9999999998950769,4.5567510428553e-10,0.9999831805266354,7.304665901265008e-05,1.0,-0.0,0.999999383294526,2.678318669137092e-06,1.0,-0.0
3.950000000000003,0.999999593219882,1.7666239654153123e-06,0.9999999999989901,4.385761317886564e-12,0.9999999998845425,5.014256922862589e-10,0.9999937791501877,2.7016891496308565e-05,1.0,-0.0,0.9999992003719492,3.472741888712359e-06,1.0,-0.0
3.9700000000000024,0.9999993882104613,2.6569690201706394e-06,0.999999999999926,3.216032100955332e-13,0.9999999998176016,7.921463153087076e-10,0.9999987121430127,5.593095432096834e-06,1.0,-0.0,0.9999994909252571,2.210884079999803e-06,1.0,-0.0
3.990000000000003,0.9999993821813529,2.6831531215087027e-06,0.9999999999453779,2.372206994687212e-10,0.9999999996100406,1.6935721479678925e-09,0.9999997111536734,1.254443838926107e-06,1.0,-0.0,0.999999528784803,2.0464620805063757e-06,1.0,-0.0
4.010000000000003,0.9999993039355324,3.0229706254549483e-06,0.9999999990706852,4.035963103197084e-09,0.9999999998020584,8.596492379802747e-10,0.9999986580161981,5.828165510172025e-06,1.0,-0.0,0.9999993157174494,2.9718023747570768e-06,1.0,-0.0
4.030000000000003,0.9999989775638184,4.440386187712086e-06,0.9999999853549385,6.360269441785948e-08,0.9999999998096369,8.267362593766876e-10,0.9999952480520607,2.063749671728123e-05,1.0,-0.0,0.9999996147812197,1.6729842284121816e-06,1.0,-0.0
4.0500000000000025,0.9999988348127721,5.060346782846139e-06,0.9999999649139737,1.5237667884152926e-07,0.9999999997850093,9.336927116961899e-10,0.9999954182313354,1.9898414068842797e-05,1.0,-0.0,0.9999995828988321,1.811447734085932e-06,1.0,-0.0
4.070000000000002,0.9999996151125322,1.6715453558096224e-06,0.9999997026656029,1.2913070713960546e-06,0.999999999830883,7.344660322141514e-10,0.9999971072877104,1.2562908021486537e-05,1.0,-0.0,0.9999996835272295,1.3744239966877784e-06,1.0,-0.0
4.090000000000003,0.9999994999444265,2.1717143051692423e-06,0.9999987635799145,5.369707524240552e-06,0.9999999998756584,5.400089163914153e-10,0.9999951284800248,2.115679396998505e-05,1.0,-0.0,0.9999997400919687,1.1287663847306347e-06,1.0,-0.0
4.110000000000003,0.9999982005351759,7.814983466461577e-06,0.999999273533992,3.1550029317194003e-06,0.9999999997919489,9.035545853776252e-10,0.9999977726080957,9.67345090381585e-06,1.0,-0.0,0.9999996539292748,1.5029663230398929e-06,1.0,-0.0
4.130000000000003,0.9999990785981824,4.001599093628329e-06,0.9999990572941886,4.094121249324582e-06,0.9999999991107704,3.861874994156858e-09,0.9999995381314433,2.005870118764815e-06,1.0,-0.0,0.9999999213230525,3.416896550183099e-07,1.0,-0.0
4.150000000000002,0.9999986543074498,5.844272421068436e-06,0.9999972642043042,1.1881425995429792e-05,0.9999999995286193,2.0471804225031393e-09,0.9999999497624362,2.1817897280064676e-07,1.0,-0.0,0.9999997360864583,1.1461620997863201e-06,1.0,-0.0
4.1700000000000035,0.9999988305782438,5.07873712698347e-06,0.9999709203605348,0.0001262931058425746,0.9999999993604953,2.7773335004665843e-09,0.9999999968085467,1.3860305700056718e-08,1.0,-0.0,0.9999999783986285,9.381356532000698e-08,1.0,-0.0
4.190000000000003,0.9999988206673502,5.121779641327838e-06,0.9775810719889954,0.09847215868208375,0.999999999488915,2.2196137455371707e-09,0.9999999993230271,2.9400560459348294e-09,1.0,-0.0,0.999999845424959,6.71310925299994e-07,1.0,-0.0
4.210000000000003,0.9999972859721368,1.1786889242289564e-05,0.6819705335935782,1.6623438982178118,0.9999999997105765,1.2569502256421111e-09,0.9999999945989303,2.3456547745455083e-08,1.0,-0.0,0.9999999935913084,2.7832593972117672e-08,1.0,-0.0
4.230000000000002,0.9999978676870177,9.260527492187858e-06,0.40655018676542,3.9088583508852826,0.9999999997561915,1.058846987644052e-09,0.9999999656621626,1.491273353819422e-07,1.0,-0.0,0.9999998662045402,5.810663379177615e-07,1.0,-0.0
4.2500000000000036,0.999993746587058,2.715831225399983e-05,0.5486355560818285,2.607160499765724,0.9999999976253627,1.0312918617627925e-08,0.9999998503668494,6.498485649811047e-07,1.0,-0.0,0.9999999759644129,1.0438522961946266e-07,1.0,-0.0
4.270000000000003,0.9999923800739082,3.309304462511386e-05,0.5350830084286475,2.715788398365126,0.9999999991116664,3.857983932825858e-09,0.9999996263536138,1.622725940107381e-06,1.0,-0.0,0.999999951303377,2.1148675152160113e-07,1.0,-0.0
4.290000000000003,0.9999878320945507,5.284486343596551e-05,0.5352491203496207,2.7144403777031934,0.9999999989232079,4.676448674083688e-09,0.9999995865636333,1.7955316979173493e-06,1.0,-0.0,0.9999999879948938,5.2137514270501795e-08,1.0,-0.0
4.310000000000002,0.9999767779519887,0.00010085324411199892,0.6497195855998497,1.8727404136186845,0.9999999990765297,4.010580557762687e-09,0.9999997327076685,1.1608360013554561e-06,1.0,-0.0,0.999999972314494,1.202366265044202e-07,1.0,-0.0
4.330000000000004,0.9999735583533507,0.00011483613055729503,0.8388190936597816,0.7633169244524269,0.9999999993374825,2.8772768813289645e-09,0.999999546170706,1.9709560284876813e-06,1.0,-0.0,0.999999993234609,2.938172000090823e-08,1.0,-0.0
4.350000000000003,0.9999659966235149,0.00014767729851306613,0.9534286128134746,0.20711818844322746,0.9999999993690775,2.7400617616968913e-09,0.9999996645971005,1.4566365287522876e-06,0.9999999999999987,5.785964799319727e-15,0.9999999816973592,7.948735997000521e-08,1.0,-0.0
4.370000000000003,0.9999435452168048,0.0002451869292396082,0.9909755009491341,0.039370820779146484,0.9999999990337618,4.196319189107278e-09,0.999999864649776,5.878185939808629e-07,0.9999999999996916,1.3394508510427224e-12,0.9999999970763441,1.2697276144645434e-08,1.0,-0.0
4.390000000000002,0.9999110802707334,0.0003861906477665996,0.9985127863994642,0.006463694240489497,0.9999999982446395,7.623433898207423e-09,0.9999999620192633,1.6494824666268294e-07,0.9999999999851333,6.456509903235544e-11,0.9999999908318742,3.981666468704177e-08,1.0,-0.0
4.410000000000004,0.9999619328502354,0.0001653266776232555,0.9997890600878405,0.0009161970332986412,0.9999999964273822,1.551568180667023e-08,0.9999989964846896,4.358213804910183e-06,0.9999999997057707,1.277821647170548e-09,0.9999999985107814,6.467594370067679e-09,1.0,-0.0
4.430000000000003,0.9998301757775921,0.0007375998597866034,0.9999757341321266,0.00010538660381401623,0.9999999948368253,2.2423382721572053e-08,0.9999331074529617,0.0002905203575234993,0.9999999952287508,2.0721271927927033e-08,0.9999999971992727,1.2163404206756692e-08,1.0,-0.0
4.450000000000003,0.9998758299721173,0.0005392970622307733,0.999995946974303,1.7602102622879072e-05,0.9999999938181132,2.684759324713555e-08,0.999445439022821,0.002409095779689749,0.9999999589426858,1.7830965371435725e-07,0.9999999983219166,7.287823831084065e-09,1.0,-0.0
4.470000000000002,0.9999350977921801,0.00028187585447658227,0.9999973482439984,1.1516445257718568e-05,0.9999999863889238,5.911215307132664e-08,0.9989358306034775,0.0046240898112465435,0.9999996836280004,1.3739863538864977e-06,0.9999999990124275,4.2889727365116984e-09,1.0,-0.0
4.490000000000004,0.9999015177107118,0.0004277242100061258,0.9999990571207195,4.094874616885348e-06,0.9999999831400439,7.32218596017633e-08,0.9994782105916749,0.0022666940274211705,0.9999989101068786,4.733348264391743e-06,0.999999998371073,7.074340051858036e-09,1.0,-0.0
4.510000000000003,0.9998946447022315,0.0004575763490706436,0.999998295029725,7.4045981345655635e-06,0.9999999848348903,6.586123520333554e-08,0.9993587765890493,0.002785691111088348,0.9999947136607377,2.2958340393841833e-05,0.9999999998017055,8.611820364886647e-10,1.0,-0.0
4.530000000000003,0.9996513790665796,0.0015143054512338208,0.9999981828244225,7.8919004298738e-06,0.9999999852898135,6.38855287749685e-08,0.9992077097175935,0.0034422367826591593,0.9999884688114249,5.0079604418792854e-05,0.9999999992311647,3.3390094089021945e-09,1.0,-0.0
4.5500000000000025,0.9998833443241243,0.000506658716037237,0.9999988065712748,5.182998191661743e-06,0.9999999840604723,6.922448978442465e-08,0.9994997086231867,0.002173281525281988,0.9999769146925481,0.00010025937365758121,0.999999999858277,6.154950239920488e-10,1.0,-0.0
4.570000000000004,0.9997241379666976,0.0011982188674448694,0.999999519238378,2.0879216971645787e-06,0.9999999760995504,1.0379833508761428e-07,0.9997637759079228,0.0010260293880195886,0.9999742487133855,0.00011183785677651906,0.9999999997106063,1.2568210057615557e-09,1.0,-0.0
4.590000000000003,0.9998659611996162,0.00058216213070448,0.9999997520139358,1.0769899264184403e-06,0.9999999674862907,1.4120524756274102e-07,0.9999175801603853,0.0003579595671276604,0.9999537662861202,0.00020079510994648785,0.9999999999500053,2.1712411506469943e-10,1.0,-0.0
4.610000000000003,0.9998871604327827,0.0004900836647626191,0.9999994591031097,2.349085982568555e-06,0.9999999727893795,1.1817422508105856e-07,0.9999742363368502,0.00011189160877063765,0.9999485636503248,0.00022339097358919585,0.9999999999136854,3.748596409433043e-10,1.0,-0.0
4.630000000000003,0.9992067964288139,0.003446206292249344,0.9999994990721223,2.1755026761965923e-06,0.9999999808984278,8.295707486949519e-08,0.9999932110577999,2.9484101437572742e-05,0.9999707634769697,0.00012697446237603502,0.9999999999305308,3.0170093768754065e-10,1.0,-0.0
4.650000000000004,0.999506984454899,0.002141667288322392,0.99999944388085,2.415195452619574e-06,0.9999999835036554,7.164271500713335e-08,0.9999983266192577,7.26740630563888e-06,0.9999787666307199,9.221633014060288e-05,0.9999999999787419,9.23227829938599e-11,1.0,-0.0
4.6700000000000035,0.9986864685032238,0.005708344675110296,0.9999992380935405,3.3089189713244916e-06,0.9999999818049341,7.902016789428481e-08,0.9999996367840375,1.5774271691280126e-06,0.9999960895985534,1.698269090765515e-05,0.9999999999567055,1.8802553376009673e-10,1.0,-0.0
4.690000000000003,0.9985037444970151,0.006503021389552374,0.9999895267345962,4.548505191280245e-05,0.9999990737141792,4.02281006962564e-06,0.9999999253968274,3.239974741838127e-07,0.9999753621925579,0.0001070019563352311,0.9999999999950583,2.1461589931929708e-11,1.0,-0.0
4.710000000000003,0.9996117945711265,0.0016862820891588633,0.9999956596776657,1.884982130193497e-05,0.9999970930238734,1.2624855258124404e-05,0.999999986001678,6.079394019621214e-08,0.999965798501547,0.00014853776063113435,0.9999999999846272,6.676328349239689e-11,1.0,-0.0
4.730000000000004,0.9979548007487863,0.008891282816835268,0.9999906777393851,4.048625215112721e-05,0.99999883520706,5.05863441010397e-06,0.9999999984249707,6.8402654703804405e-09,0.9999686411464556,0.0001361919059537967,0.9999999999985831,6.153373564080884e-12,1.0,-0.0
4.7500000000000036,0.9996764606042685,0.0014053410963104991,0.9999908160756806,3.988545969398358e-05,0.9999983337453833,7.236457883799668e-06,0.9999999999195004,3.496053510833672e-10,0.9999715287464359,0.00012365084341313038,0.9999999999971422,1.2411376658291816e-11,1.0,-0.0
4.770000000000003,0.9992766768615288,0.0031424891313216676,0.9999772527997778,9.879095896569581e-05,0.9999982735656604,7.497815542808512e-06,0.9999999996644808,1.4571412326149947e-09,0.999977023685536,9.978601222375792e-05,0.9999999999964692,1.5334253209424165e-11,1.0,-0.0
4.790000000000003,0.994019233253575,0.026052123681935716,0.9999849651990547,6.529580172664833e-05,0.9999986284486352,5.956575978735856e-06,0.999999999702625,1.2914832743932498e-09,0.9999833276080116,7.24078820150353e-05,0.9999999999999953,2.0250876797619075e-14,1.0,-0.0
4.810000000000004,0.9991206717029799,0.0038205542788010576,0.9997945832719695,0.0008922051548122715,0.9999991486485738,3.697373839670755e-06,0.9999999999956308,1.8975071559410484e-11,0.999989004993167,4.7750970472175246e-05,1.0,-0.0,1.0,-0.0
4.830000000000004,0.9985429815989766,0.006332364823060629,0.9999504919396192,0.0002150160968902035,0.9999994131166657,2.548802683842092e-06,0.9999999997080734,1.2678210891757265e-09,0.9999933676728966,2.8803926150503113e-05,1.0,-0.0,1.0,-0.0
4.850000000000003,0.9849958438457923,0.0656560198832369,0.9998915844758335,0.0004708681641523193,0.9999997307121617,1.1695023794245213e-06,0.9999999996870327,1.3591997956064864e-09,0.9999963346637547,1.591838222964732e-05,1.0,-0.0,1.0,-0.0
4.870000000000003,0.999905836471039,0.0004089662653984346,0.9999161188716716,0.00036430639111742204,0.9999998436181294,6.791578876609812e-07,0.999999999908091,3.991558714652794e-10,0.9999981322844965,8.111392944148324e-06,1.0,-0.0,1.0,-0.0
4.890000000000004,0.9866020183763807,0.058580003994929034,0.9999561759857235,0.00019032944628195653,0.9999999117667174,3.831922943049834e-07,0.9999999999997619,1.0342412078785235e-12,0.9999991283811439,3.7853942449416924e-06,1.0,-0.0,1.0,-0.0
4.910000000000004,0.9986714262446064,0.00577375878972877,0.9999898004743352,4.4296203043191795e-05,0.9999999273270325,3.156146992980168e-07,1.0,-0.0,0.9999997516044914,1.078768121153418e-06,1.0,-0.0,1.0,-0.0
4.930000000000003,0.9983619324868037,0.007119869826738822,0.9999979779845166,8.781510545738857e-06,0.9999999447463658,2.39963491113268e-07,0.9999999999999898,4.4359063461451436e-14,0.9999997703299168,9.974446123483322e-07,1.0,-0.0,1.0,-0.0
4.950000000000003,0.9678374452324267,0.14197579227578364,0.9999997700929221,9.984738677375559e-07,0.9999999555080689,1.932260061287264e-07,0.9999999999999374,2.7194034556803545e-13,0.9999999082646814,3.984014447520743e-07,1.0,-0.0,1.0,-0.0
4.970000000000004,0.997846287037489,0.00936354336787005,0.9999999622100268,1.6411977120741193e-07,0.9999999689506583,1.3484557956109842e-07,0.9999999999997535,1.0704034878742806e-12,0.9999999673957469,1.4159847427956293e-07,1.0,-0.0,1.0,-0.0
4.990000000000004,0.9976392287620376,0.010264820436249667,0.9999999124364982,3.8028347305316843e-07,0.9999999787943201,9.209509853987523e-08,0.9999999997827945,9.433113960134042e-10,0.99999999274555,3.150567633339474e-08,0.9999999999999993,2.8929823996598624e-15,1.0,-0.0
5.010000000000003,0.9772927414704102,0.09975326801233002,0.9999999565578229,1.8866698196582462e-07,0.9999999852010523,6.427101386377351e-08,0.9999999985060702,6.488054505956058e-09,0.999999994044154,2.5865910773209006e-08,0.9999999999999971,1.253625706519275e-14,1.0,-0.0
5.030000000000003,0.9539394578580073,0.20479187091003342,0.9999998851446172,4.988106181416296e-07,0.999999989746747,4.452931232881022e-08,0.9999999970972088,1.2606662149659308e-08,0.9999999988002853,5.2102945742104396e-09,0.9999999999976432,1.0235371730008651e-11,1.0,-0.0
5.050000000000003,0.9995540442636931,0.0019371931378203118,0.9999996940318927,1.3288028096506748e-06,0.9999999932683773,2.9235066043132577e-08,0.9999999979349186,8.968534746445913e-09,0.9999999991177815,3.831426354373469e-09,0.9999999999973259,1.1613395679716765e-11,1.0,-0.0
5.070000000000004,0.9984209838357391,0.006862999890709151,0.9999992159592629,3.405046991998088e-06,0.9999999954139968,1.9916759073495475e-08,0.9999999787116457,9.245414900394443e-08,0.999999999761302,1.036652026668507e-09,0.9999999999464744,2.3245885043862354e-10,1.0,-0.0
5.090000000000003,0.9509868641483452,0.21825481871512037,0.9999987151642497,5.579974349958077e-06,0.9999999968034924,1.3882256204084248e-08,0.9999999947174699,2.294173670304826e-08,0.9999999999573348,1.8529262971976725e-10,0.9999999998637366,5.917846224048743e-10,1.0,-0.0
5.110000000000003,0.9899217599266443,0.04399129215468857,0.9999985774555563,6.17803641581418e-06,0.9999999968098963,1.3854444517696306e-08,0.9999999956275853,1.8989155603532272e-08,0.9999999999723088,1.2026127835552552e-10,0.9999999999341534,2.8596793506965936e-10,1.0,-0.0
5.1300000000000034,0.9852307482521858,0.06462042643054447,0.9999995112265473,2.122716652897762e-06,0.9999999953419897,2.0229481793396912e-08,0.9999999970277585,1.2908280638223989e-08,0.999999999995459,1.972146101852605e-11,0.9999999999042889,4.1566805067662037e-10,1.0,-0.0
5.150000000000004,0.9123850386170674,0.3982184494221444,0.9999994791338218,2.262093659097469e-06,0.9999999979887181,8.734886397607301e-09,0.9999999982866046,7.441181792677556e-09,0.9999999999980346,8.535744570204808e-12,0.9999999998028535,8.561964634855986e-10,1.0,-0.0
5.1700000000000035,0.994792312356846,0.022675795680657963,0.999980248102268,8.578224910495587e-05,0.9999999979589758,8.864055651195163e-09,0.9999999992107933,3.4274811502263143e-09,0.9999999999988313,5.075737620206194e-12,0.9999999999687179,1.3585638214508513e-10,1.0,-0.0
5.190000000000003,0.9654772578950038,0.15257951700258088,0.9999952340271734,2.0698406319056415e-05,0.9999999981273565,8.132787327491238e-09,0.9999999996770232,1.4026702313213313e-09,0.999999999999836,7.121558340496609e-13,0.9999999997316587,1.165391672140942e-09,1.0,-0.0
5.2100000000000035,0.8723680265647151,0.5930026026547924,0.999987524695582,5.417989664383145e-05,0.9999999982685486,7.519598009410336e-09,0.9999999975861699,1.048313109482931e-08,0.9999999999999044,4.1514297435121e-13,0.9999999999447486,2.399536035090833e-10,1.0,-0.0
5.230000000000004,0.9575903130497659,0.18820255887268061,0.9999841095025449,6.901210191422361e-05,0.9999999983342679,7.234182633503621e-09,0.9999999834579218,7.184133319922676e-08,0.999999999999988,5.207368319387782e-14,0.999999999792333,9.018862988601412e-10,1.0,-0.0
5.2500000000000036,0.9700376502254993,0.13211409065868426,0.9999882326760339,5.110513933852606e-05,0.9999999982495572,7.602076455604496e-09,0.9999999372062253,2.727099072172919e-07,0.9999999999999953,2.0250876797619075e-14,0.999999999734707,1.1521529025128327e-09,1.0,-0.0
5.270000000000003,0.9581379589839097,0.18571953852802886,0.9999943893133098,2.4366971050417532e-05,0.9999999979995368,8.687901470360178e-09,0.9999998552874885,6.284784976704766e-07,0.9999999999999974,1.1089765865362815e-14,0.9999999923514478,3.321724043349336e-08,1.0,-0.0
5.290000000000004,0.9131050494037966,0.39479255596093754,0.999998060643233,8.422527590451355e-06,0.999999997493048,1.0887554123893596e-08,0.9999998154611512,8.014421110705452e-07,0.9999999999999997,1.446491199829931e-15,0.9999999980245727,8.579171619635213e-09,1.0,-0.0
5.310000000000004,0.983744274693299,0.07117782181893487,0.9999993472536396,2.8348423492919864e-06,0.9999999966734426,1.4447055088466885e-08,0.9999988804362513,4.862206303804594e-06,1.0,-0.0,0.999999983546208,7.145791128839844e-08,1.0,-0.0
5.330000000000004,0.9930017199313229,0.03049999283031806,0.9999997809890018,9.511527842125802e-07,0.999999995719397,1.8590422587954297e-08,0.9999996371715809,1.5757440887343793e-06,1.0,-0.0,0.999999997875862,9.225014030279915e-09,1.0,-0.0
5.350000000000003,0.7604685762336848,1.1891872697622765,0.9999997262284618,1.1889748462530528e-06,0.9999999944246845,2.4213287817582715e-08,0.9999997538484491,1.0690227343356581e-06,1.0,-0.0,0.9999999825931928,7.559680388059037e-08,1.0,-0.0
5.370000000000004,0.981829839018377,0.07963773291246408,0.9999996729322257,1.4204375281946456e-06,0.9999999930526362,3.017201770580989e-08,0.9999997553097608,1.0626763365353555e-06,1.0,-0.0,0.9999999979949844,8.70767211211905e-09,1.0,-0.0
5.390000000000004,0.9851876472338477,0.06481042196118444,0.9999997050859104,1.2807958063225465e-06,0.9999999919276007,3.5057984878399395e-08,0.9999998202063896,7.808337991681635e-07,1.0,-0.0,0.9999999856010389,6.253389410887735e-08,1.0,-0.0
5.410000000000004,0.9106065403791728,0.4066923472145562,0.9999998394011965,6.974717975144912e-07,0.9999999903406851,4.1949871818107576e-08,0.9999999082045186,3.9866272882095004e-07,1.0,-0.0,0.9999999827615546,7.486561799564974e-08,1.0,-0.0
5.430000000000003,0.8078657044292595,0.9266082817687317,0.999999947484492,2.2807195960758353e-07,0.9999999893970759,4.604791450593391e-08,0.9999999611002238,1.689395846995905e-07,1.0,-0.0,0.9999999891029123,4.7325450725719896e-08,1.0,-0.0
5.450000000000004,0.9416114407817266,0.2612827336110939,0.9999999808506796,8.316444240537759e-08,0.9999999882694643,5.094506934161881e-08,0.9999999864047928,5.904323499717324e-08,1.0,-0.0,0.9999999663863103,1.4598240207391698e-07,1.0,-0.0
5.470000000000004,0.7011811671650283,1.5416975701940716,0.9999999908736278,3.963533110208119e-08,0.9999999822643874,7.702478773277361e-08,0.9999999962350237,1.6351084479975063e-08,1.0,-0.0,0.9999999820486665,7.79616516519601e-08,1.0,-0.0
5.490000000000004,0.9638519203467678,0.15989683022601747,0.9999999922983486,3.3447847294796176e-08,0.999999976662141,1.0135503492146647e-07,0.9999999990152216,4.276838121824359e-09,1.0,-0.0,0.999999969970219,1.3041768374799196e-07,1.0,-0.0
5.510000000000003,0.9488102180182255,0.22820646908737388,0.9999999947586938,2.2762703521975787e-08,0.9999999740712245,1.126072425079131e-07,0.99999999988324,5.070824372057173e-10,1.0,-0.0,0.9999999833100598,7.248348995964054e-08,1.0,-0.0
5.530000000000004,0.880421505069318,0.5530935796458504,0.9999999970183546,1.2949121353045302e-08,0.9999999801968689,8.600390661460071e-08,0.9999999999979091,9.080589588808521e-12,1.0,-0.0,0.9999999878482717,5.277428574119972e-08,1.0,-0.0
5.550000000000004,0.7998853149144945,0.9697227634582521,0.999999998705688,5.621125558807249e-09,0.9999999864320525,5.892484788764274e-08,0.9999999999985821,6.157713037680381e-12,1.0,-0.0,0.9999999537708455,2.0077067168418627e-07,1.0,-0.0
5.570000000000004,0.7469838173701586,1.2668880662231166,0.9999999981012822,8.246026855610923e-09,0.9999999895944606,4.519068379232028e-08,0.9999999998667992,5.784836536569127e-10,1.0,-0.0,0.9999999771314546,9.93168318589067e-08,1.0,-0.0
5.590000000000003,0.863398957038914,0.637884802946667,0.9999999997948802,8.90824016325292e-10,0.9999999859701345,6.093093207586678e-08,0.9999999992246931,3.3671152151003227e-09,1.0,-0.0,0.9999999649445389,1.5224393578595666e-07,1.0,-0.0
5.610000000000004,0.8206896614018812,0.8582103754591995,0.9999999999074036,4.021409471382705e-10,0.9999999837069431,7.075984764235161e-08,0.9999999977099395,9.945606284761077e-09,1.0,-0.0,0.9999999694597739,1.326345188505039e-07,1.0,-0.0
5.630000000000004,0.8269303546081203,0.8253106588041152,0.9999999998903252,4.763117120719846e-10,0.9999999845465265,6.71135831951342e-08,0.9999999942993734,2.475750699072782e-08,1.0,-0.0,0.9999999796430712,8.84090194036591e-08,1.0,-0.0
5.650000000000004,0.5766933822331216,2.3905503224807303,0.9999999998216279,7.746601653545425e-10,0.9999999871633264,5.5748965518828496e-08,0.9999999879194499,5.246516285343096e-08,1.0,-0.0,0.9999999486023521,2.2321715446152968e-07,1.0,-0.0
5.6700000000000035,0.8181962633068073,0.8714250825116236,0.9999999998076894,8.351943755874448e-10,0.9999999895882834,4.5217510900555296e-08,0.9999999833305899,7.239432872275957e-08,1.0,-0.0,0.9999999662915686,1.4639385988470484e-07,1.0,-0.0
5.690000000000004,0.8365795556598026,0.7749275291893614,0.9999999998425833,6.836522428470297e-10,0.9999999912158364,3.8149138044980266e-08,0.9999999822419093,7.71224085326002e-08,1.0,-0.0,0.9999999588349276,1.7877764137095134e-07,1.0,-0.0
5.710000000000004,0.626699701385905,2.029405122355397,0.9999999999063347,4.067832195626904e-10,0.9999999832008688,7.295770041007722e-08,0.9999998718669321,5.564748791807736e-07,1.0,-0.0,0.999999956633007,1.8834046163580467e-07,1.0,-0.0
5.730000000000004,0.6732295380165918,1.7183683756224346,0.9999999998003211,8.67194618243821e-10,0.9999999191934821,3.509382625299251e-07,0.9999999733367674,1.1579694951723543e-07,1.0,-0.0,0.9999999546083896,1.9713326351166878e-07,1.0,-0.0
5.7500000000000036,0.7286467411981044,1.374829730977861,0.9999999998717629,5.569265953030294e-10,0.9999998776214695,5.314832376538412e-07,0.9999999815581442,8.009196292632685e-08,1.0,-0.0,0.9999999567180295,1.8797121340040792e-07,1.0,-0.0
5.770000000000004,0.4964747058412431,3.0410287283506516,0.9999999998350315,7.164490199897934e-10,0.9999999387211574,2.661306399481136e-07,0.9999999687955977,1.355189993461055e-07,1.0,-0.0,0.9999999441463985,2.425691161267402e-07,1.0,-0.0
5.7900000000000045,0.9006834536231686,0.45427815568843577,0.999999999810632,8.224146258345085e-10,0.9999999297898198,3.049189491567468e-07,0.9999999812204922,8.155836703346815e-08,1.0,-0.0,0.9999999800056304,8.683444475146229e-08,0.9999999999997248,1.1952838947929638e-12
5.810000000000004,0.7455740893173938,1.2750919328016075,0.9999999998818911,5.129402444019831e-10,0.9999999475397306,2.2783206095815489e-07,0.9999999883258187,5.070032543856217e-08,1.0,-0.0,0.9999999285749618,3.1019501075252505e-07,0.9999999999978173,9.479338996229157e-12
5.830000000000004,0.4831026616811456,3.1596056973714055,0.9999999998870999,4.903190506889632e-10,0.9999999269529984,3.1723910855161654e-07,0.9999999934066772,2.8634437087406852e-08,1.0,-0.0,0.9999998756255434,5.401514355996756e-07,0.9999999993676012,2.7464730928623198e-09
5.850000000000004,0.8240937067880381,0.8402340234765843,0.9999999998737905,5.481208390410777e-10,0.9999999281570929,3.1200979224241616e-07,0.9999999972798166,1.1813606471392218e-08,1.0,-0.0,0.9999998810322963,5.166702030990724e-07,0.9999999998767068,5.354553620937868e-10
5.8700000000000045,0.5312472789919398,2.7470328135916064,0.999999999828287,7.457399846275472e-10,0.9999999363121529,2.765928144373354e-07,0.9999999991663718,3.62040112819537e-09,1.0,-0.0,0.9999999288486094,3.090065739801869e-07,0.9999999988085627,5.174346374869288e-09
5.890000000000004,0.3011683016415307,5.211907401294054,0.9999999998586819,6.1373657285654e-10,0.9999999510615034,2.1253719541085265e-07,0.9999999998115426,8.184599188934265e-10,1.0,-0.0,0.9999999515314217,2.1049636595013113e-07,0.9999999976799484,1.0075856067313729e-08
5.910000000000004,0.8192585685016514,0.8657900770143,0.9999999999111259,3.859754436512377e-10,0.9999999687254522,1.358236376347624e-07,0.9999999999975339,1.0710303007287291e-11,1.0,-0.0,0.999999782093203,9.463572983930903e-07,0.9999999997726402,9.874110553961553e-10
5.930000000000004,0.48549624412199927,3.1381412551581125,0.9999999999704718,1.282391594865491e-10,0.9999999795091726,8.899053346821789e-08,0.9999999999982466,7.614811839644707e-12,1.0,-0.0,0.9999999333612091,2.8940860145821343e-07,0.9999999954175786,1.9901203507061192e-08
5.950000000000005,0.658447236811404,1.8147902051957288,0.9999999999934859,2.8290474886365927e-11,0.9999999865536637,5.839669681684356e-08,0.9999999999963011,1.6064249101607643e-11,1.0,-0.0,0.9999995998156183,1.7379790351071848e-06,0.9999999992379824,3.309400216182745e-09
5.970000000000004,0.6740684387234467,1.7129600694982507,0.9999999999995635,1.8958677992441763e-12,0.9999999920721728,3.443011608154086e-08,0.9999999999876586,5.3597802755095705e-11,1.0,-0.0,0.9999998820714489,5.121572204169537e-07,0.999999992832273,3.112904280937695e-08
5.990000000000004,0.5343698965384742,2.72158015606373,0.9999999999999739,1.1330847732001271e-13,0.9999999946951689,2.3038588932664246e-08,0.9999999986436623,5.890499829343785e-09,1.0,-0.0,0.9999998005789763,8.660745880165542e-07,0.9999999952297317,2.0717012011323213e-08
6.010000000000004,0.7464683188090819,1.2698861963134278,0.9999999999999996,1.9286549331065747e-15,0.9999999966652847,1.4482484479706056e-08,0.9999999930703427,3.009511934011097e-08,1.0,-0.0,0.9999996335273619,1.5915707366945402e-06,0.9999999920564442,3.4498424700339975e-08
6.030000000000005,0.9065002920161896,0.4263205166665305,0.9999999999999992,3.3751461329365063e-15,0.9999999979591034,8.863501162900763e-09,0.9999999820880636,7.779055199082892e-08,1.0,-0.0,0.9999997907643419,9.086990125113078e-07,0.999999982634176,7.541881602833913e-08
6.050000000000004,0.3106293840352644,5.077574645096734,0.9999999999999967,1.446491199829933e-14,0.9999999987612126,5.379985350051784e-09,0.9999999696221232,1.3192944453372905e-07,1.0,-0.0,0.9999995331940988,2.027312743099577e-06,0.9999999982465746,7.615029784321665e-09
6.070000000000004,0.4327705809358857,3.637422695545882,0.9999999999995599,1.9112970387090356e-12,0.9999999992457098,3.275840655993781e-09,0.9999999693209616,1.3323737300631018e-07,1.0,-0.0,0.9999996587239504,1.482143304564378e-06,0.9999999753959457,1.0685405167867288e-07
6.090000000000004,0.8984591827754561,0.4650164821337578,0.9999999999983316,7.245956583687444e-12,0.9999999995782795,1.831509066675922e-09,0.9999999771139584,9.939281700769955e-08,1.0,-0.0,0.9999992712003833,3.16513767264503e-06,0.9999999977004713,9.986726172356738e-09
6.110000000000005,0.4560285323519463,3.410079839685694,0.9999999999958392,1.8070050232046365e-11,0.9999999997704752,9.96813730360931e-10,0.9999999285806389,3.1017035530826297e-07,1.0,-0.0,0.999999863610535,5.923319610261531e-07,0.9999999665258604,1.453763434560629e-07
6.130000000000004,0.9374753961795989,0.2804012140680286,0.9999999999934822,2.830638628956416e-11,0.9999999998877428,4.875268405092439e-10,0.9999998874095902,4.889739643240849e-07,1.0,-0.0,0.9999994176096088,2.5292900688336694e-06,0.9999999982065038,7.7890552122269e-09
6.150000000000004,0.6794903750453625,1.6781669065230032,0.9999999999834492,7.187904070254374e-11,0.9999999999530368,2.0395863432694245e-10,0.9999999721657339,1.2088268349453685e-07,1.0,-0.0,0.9999996406864573,1.5604791690154178e-06,0.9999999584590195,1.804101899796889e-07
6.170000000000004,0.8089452131370113,0.9208089054840246,0.999999999969531,1.3232501496245796e-10,0.9999999999855544,6.273625199201033e-11,0.9999999701834602,1.2949158894479343e-07,1.0,-0.0,0.9999993265038414,2.9249576376943916e-06,0.999999998666267,5.7923288822979515e-09
6.190000000000005,0.6335095230797244,1.9824685230399761,0.9999999999532133,2.0319199399099663e-10,0.9999999999979959,8.703537549385414e-12,0.9999999789351331,9.14835553169596e-08,1.0,-0.0,0.9999997707329471,9.956942736984006e-07,0.999999955868572,1.9166036062909785e-07
6.210000000000004,0.909907781305269,0.4100262097528955,0.9999999999408011,2.5709741721044873e-10,0.999999999999932,2.9508420476531586e-13,0.9999999885140094,4.988302366756877e-08,1.0,-0.0,0.999998937253545,4.615451662996099e-06,0.9999999960876237,1.6991234466718196e-08
6.230000000000004,0.900949862952176,0.45299376444972683,0.9999999999387411,2.660439652819357e-10,0.9999999999999925,3.2787133862811885e-14,0.9999999935643704,2.7949584252456316e-08,1.0,-0.0,0.9999999664293223,1.457956031584234e-07,0.9999999554358844,1.9353949935878744e-07
6.250000000000004,0.970708243959427,0.12911282016050207,0.9999999999539254,2.0009939580561664e-10,1.0,-0.0,0.9999999958187094,1.8159114590456434e-08,1.0,-0.0,0.9999993846863867,2.6722738910335112e-06,0.9999999955985939,1.9115063984082616e-08
6.270000000000005,0.9243251006985187,0.3417525323101156,0.9999999999827881,7.475032573425463e-11,1.0,-0.0,0.9999999977966135,9.569185878983623e-09,1.0,-0.0,0.9999999709576435,1.2612935361119413e-07,0.9999999603015984,1.72407970827245e-07
6.2900000000000045,0.9649347658365016,0.15502046029126376,0.9999999999706257,1.2757088055220801e-10,1.0,-0.0,0.9999999990313408,4.206833251485281e-09,1.0,-0.0,0.999999513285854,2.113773193062882e-06,0.9999999950804774,2.1365215097422674e-08
6.310000000000004,0.9871726098400091,0.05606903108611297,0.999999999936162,2.77245110970386e-10,1.0,-0.0,0.9999999996794007,1.3923451771336224e-09,1.0,-0.0,0.9999999005324547,4.3198208205624263e-07,0.9999999939952169,2.607844179781609e-08
6.3300000000000045,0.9096088510154171,0.4114532236555808,0.9999999999304049,3.0224771136111443e-10,1.0,-0.0,0.9999999999969931,1.3058922552084248e-11,1.0,-0.0,0.9999999438500239,2.43856254695623e-07,0.9999999713580794,1.2439028251487102e-07
6.350000000000005,0.6004796878762386,2.2150167867316988,0.9999999999366073,2.7531115223609037e-10,1.0,-0.0,0.9999999999992198,3.388164553736296e-12,1.0,-0.0,0.9999995764956611,1.839256364065271e-06,0.9999999948310881,2.2448299014781575e-08
6.3700000000000045,0.6362835652245658,1.9634929415252387,0.9999999999630594,1.604308211398341e-10,1.0,-0.0,0.9999999999996044,1.7179493816650207e-12,1.0,-0.0,0.9999998999672904,4.3443655944701727e-07,0.999999985092456,6.474264136215579e-08
6.390000000000004,0.7924994672027572,1.0100102108621127,0.9999999999833312,7.239158075102533e-11,0.9999999999999999,4.821637332766436e-16,0.9999999999999574,1.8515087357823508e-13,1.0,-0.0,0.9999996607153352,1.4734948271704344e-06,0.999999999544595,1.9777989899074126e-09
6.410000000000005,0.2717039388379077,5.659040656558334,0.9999999999948148,2.2518974999010743e-11,0.9999999999999999,4.821637332766436e-16,1.0,-0.0,1.0,-0.0,0.9999996289777254,1.6113295640094205e-06,0.9999999807271686,8.370084426515165e-08
6.430000000000005,0.4959506999675881,3.0456149245368747,0.9999999999994156,2.5381098919689934e-12,0.9999999999999999,4.821637332766436e-16,1.0,-0.0,1.0,-0.0,0.9999987193020874,5.5620039259351235e-06,0.9999997060813777,1.2764725456522408e-06
6.450000000000005,0.7388616176634181,1.3143689355754078,0.9999999999999742,1.1186198612018274e-13,0.9999999999999994,2.410818666383218e-15,1.0,-0.0,1.0,-0.0,0.9999979123563928,9.066530451751611e-06,0.9999999131283276,3.772788960062084e-07
6.470000000000004,0.5992819490985635,2.22368803439759,0.9999999999999954,1.9768713064342432e-14,0.9999999999999724,1.200587695858859e-13,1.0,-0.0,1.0,-0.0,0.9999966305790738,1.4633233807174046e-05,0.999999986275415,5.960511583247522e-08
6.490000000000005,0.1666793637247607,7.781181660702481,1.0,-0.0,0.9999999999975775,1.0520812660109105e-11,1.0,-0.0,1.0,-0.0,0.9999942581797101,2.493648027027849e-05,0.9999999833432666,7.233927478461294e-08
6.510000000000005,0.6329906618286572,1.9860269684867893,1.0,-0.0,0.99999999999397,2.6187758845533298e-11,1.0,-0.0,1.0,-0.0,0.9999950181284613,2.1636047082326818e-05,0.9999999997404302,1.127297362055899e-09
6.530000000000005,0.6732690875398727,1.718113252603343,1.0,-0.0,0.9999999999883796,5.046663147115967e-11,1.0,-0.0,1.0,-0.0,0.9999998947305566,4.571794078127265e-07,0.9999999749010502,1.0900335539714241e-07
6.550000000000004,0.47810274195467306,3.204787655860148,1.0,-0.0,0.9999999999848806,6.566250368930953e-11,1.0,-0.0,1.0,-0.0,0.9999999536049464,2.0149116223389673e-07,0.9999999952758988,2.0516510972180567e-08
6.570000000000005,0.3193367737645901,4.957510666674395,1.0,-0.0,0.9999999999837136,7.07310088535932e-11,1.0,-0.0,1.0,-0.0,0.9999999708024959,1.2680315092906384e-07,0.9999999964851914,1.5264619632027126e-08
6.590000000000005,0.5074431801944224,2.9461257983745472,1.0,-0.0,0.9999999999838497,7.013987611658645e-11,1.0,-0.0,1.0,-0.0,0.9999999688746354,1.3517574311637845e-07,0.9999999674506121,1.413601976337625e-07
6.610000000000005,0.680010387725208,1.6748445303305775,1.0,-0.0,0.9999999999839461,6.972135799609558e-11,1.0,-0.0,1.0,-0.0,0.9999999132481758,3.7675840165744237e-07,0.9999999997309199,1.168599989623027e-09
6.630000000000004,0.2585767122216218,5.874105908595734,1.0,-0.0,0.9999999999825651,7.571899267442418e-11,1.0,-0.0,1.0,-0.0,0.9999999892745476,4.658004824771092e-08,0.9999999682881008,1.3772303059287817e-07
6.650000000000005,0.6188052121061671,2.0844603695810235,1.0,-0.0,0.9999999999790987,9.077310875507612e-11,1.0,-0.0,1.0,-0.0,0.9999996438868066,1.5465802235500197e-06,0.9999999947407177,2.2840773063259163e-08
6.670000000000005,0.6924823613546826,1.5959128430523186,1.0,-0.0,0.9999999999706268,1.2756605891487511e-10,1.0,-0.0,1.0,-0.0,0.9999999516250514,2.1008973748545623e-07,0.9999999996665944,1.447962281621537e-09
6.690000000000005,0.6882369345700807,1.622620244649292,1.0,-0.0,0.9999999999667185,1.445396688179445e-10,1.0,-0.0,1.0,-0.0,0.9999995986984164,1.742830983196609e-06,0.9999999674280232,1.4145830011662047e-07
6.710000000000004,0.5446237987088504,2.6390338498998416,1.0,-0.0,0.9999999999556268,1.9271023659281794e-10,1.0,-0.0,1.0,-0.0,0.9999998246025751,7.617414046206537e-07,0.9999999987378004,5.4816630739248435e-09
6.730000000000005,0.7608978193376282,1.1867366054525232,0.9999999999999982,7.714619732426303e-15,0.9999999999439997,2.432062800539485e-10,1.0,-0.0,1.0,-0.0,0.9999994647858698,2.324406056014492e-06,0.9999999971912296,1.2198335040675624e-08
6.750000000000005,0.8969456336799505,0.47233879930654565,0.999999999999792,9.030926724272473e-13,0.9999999999292956,3.0706549138435265e-10,1.0,-0.0,1.0,-0.0,0.9999995619141427,1.9025831208141685e-06,0.9999999744422363,1.1099595879233537e-07
6.770000000000005,0.7542093414687318,1.2250809282247135,0.9999999999994169,2.5323239271696702e-12,0.9999999999157643,3.6583112503692923e-10,1.0,-0.0,1.0,-0.0,0.9999996794950836,1.3919353891479357e-06,0.9999999998450193,6.73072606209821e-10
6.7900000000000045,0.43246261720478507,3.6405142772137786,0.999999999999172,3.5959771227786963e-12,0.9999999998992966,4.3734950727300047e-10,1.0,-0.0,1.0,-0.0,0.9999977205401884,9.899579461708891e-06,0.9999999971924239,1.2193147923218468e-08
6.810000000000005,0.9488687354474844,0.2279386282433371,0.9999999999989128,4.721829439980737e-12,0.9999999998934074,4.62925882507311e-10,1.0,-0.0,1.0,-0.0,0.9999998098627901,8.257554889945484e-07,0.9999999808769896,8.305017972384286e-08
6.830000000000005,0.7122977808636346,1.473384086810932,0.999999999998682,5.723765677730808e-12,0.9999999998781882,5.290218513998882e-10,1.0,-0.0,1.0,-0.0,0.9999976771996486,1.0087805467722776e-05,0.9999999999126455,3.7937558646956547e-10
6.850000000000005,0.641380806463216,1.92884040621853,0.999999999998529,6.388669465920226e-12,0.9999999998687857,5.698562979762532e-10,1.0,-0.0,1.0,-0.0,0.999999556407976,1.9264961096928864e-06,0.9999999873113411,5.510614578574744e-08
6.8700000000000045,0.4621684980914683,3.351996598333129,0.9999999999980937,8.27875130036786e-12,0.9999999998428821,6.823542580768448e-10,1.0,-0.0,1.0,-0.0,0.9999979624522202,8.848966589050828e-06,0.9999999970643114,1.2749533532374787e-08
6.890000000000005,0.9012692762510365,0.45145433529178997,0.9999999999987059,5.620100475076194e-12,0.9999999998329354,7.255522712755677e-10,1.0,-0.0,1.0,-0.0,0.9999991583315966,3.6553209702491484e-06,0.9999999999410628,2.5596095729104853e-10
6.9100000000000055,0.7902976421568516,1.0220931377100697,0.9999999999993129,2.984111345250172e-12,0.9999999998545002,6.318977520367426e-10,0.9999999999999664,1.4609561118282546e-13,1.0,-0.0,0.9999967521075762,1.4105440481143401e-05,0.9999999911306289,3.851918955242552e-08
6.930000000000005,0.9856338131216232,0.06284406031673925,0.9999999999997852,9.329868238904055e-13,0.9999999997841175,9.375659329664357e-10,0.9999999999998828,5.091649023401655e-13,1.0,-0.0,0.999998048934461,8.473378240334949e-06,0.9999999984662835,6.660846076820784e-09
6.950000000000005,0.8116833061728864,0.9061338604170589,0.9999999999987299,5.515953108688305e-12,0.9999999998018005,8.607693043328982e-10,0.9999999999998108,8.216070015034784e-13,1.0,-0.0,0.9999983547723342,7.1451388448750954e-06,0.9999999999672168,1.4237571798292746e-10
6.970000000000005,0.7205173760912773,1.4235554122117333,0.9999999999979233,9.018872630948982e-12,0.9999999995180059,2.093273828935159e-09,0.999999999999644,1.5462990926184711e-12,1.0,-0.0,0.9999972625142663,1.1888765756803194e-05,0.9999999947024257,2.3007072782235276e-08
6.9900000000000055,0.8087382436725217,0.921920194549415,0.9999999999977971,9.567092795685698e-12,0.9999999986954629,5.665532838699731e-09,0.9999999999990763,4.011602260863527e-12,1.0,-0.0,0.9999994966287065,2.186114301527691e-06,0.9999999988266675,5.095718488299697e-09
7.010000000000005,0.9568371264234601,0.19161981884065188,0.9999999999977897,9.599397765815305e-12,0.9999999979200441,9.033133597073002e-09,0.999999999942691,2.488900261421356e-10,1.0,-0.0,0.9999974745697386,1.0967818118626393e-05,0.9999999999849325,6.543733322586595e-11
7.030000000000005,0.7977166051213649,0.9815136766103977,0.9999999999987085,5.6090107092108174e-12,0.9999999973399363,1.1552509987483202e-08,0.9999999992468163,3.271035412224324e-09,1.0,-0.0,0.9999991824325863,3.55065161480414e-06,0.9999999995025305,2.1604826317495047e-09
7.050000000000005,0.521231567249887,2.829692900675036,0.9999999999999788,9.209327305583989e-14,0.9999999974155602,1.1224079338063254e-08,0.9999999983311332,7.247796526535387e-09,1.0,-0.0,0.9999983214635112,7.28979746570032e-06,0.9999999967073391,1.4299844714245517e-08
7.070000000000006,0.9415735865477135,0.26145733020900874,0.9999999999999958,1.832222186451249e-14,0.9999999981196204,8.166384978652734e-09,0.9999999974129343,1.1235483474712203e-08,1.0,-0.0,0.9999991423169977,3.7248715485326374e-06,0.9999999999881275,5.1561625309443784e-11
7.090000000000005,0.9332199249033444,0.3001599728591733,0.999999999999998,8.678947198979593e-15,0.9999999990067013,4.313841295407538e-09,0.9999999967984629,1.3904099185599022e-08,1.0,-0.0,0.9999987716955805,5.334461591075073e-06,0.9999999997757612,9.73856950686955e-10
7.110000000000005,0.8478217429291924,0.7169544986607106,0.9999999999999993,2.8929823996598624e-15,0.9999999986833682,5.718059273707996e-09,0.9999999967601886,1.4070322240199096e-08,1.0,-0.0,0.9999987277901471,5.525140703985114e-06,0.9999999981577387,8.00083936432513e-09
7.130000000000005,0.9660224512241302,0.15012780075763021,1.0,-0.0,0.9999999986236384,5.977462398232649e-09,0.9999999977070667,9.958082753551935e-09,1.0,-0.0,0.9999992069727048,3.4440751485114523e-06,0.9999999999900256,4.331807196152297e-11
7.150000000000006,0.7132106348787157,1.4678218956467703,1.0,-0.0,0.9999999985414011,6.334614576561447e-09,0.9999999988745506,4.887764645044593e-09,1.0,-0.0,0.9999982698432162,7.51398194068262e-06,0.9999999999919211,3.508609054321652e-11
7.170000000000005,0.668285249978773,1.7503812427735341,1.0,-0.0,0.9999999984718229,6.6367889994758494e-09,0.9999999996919019,1.3380530585858726e-09,1.0,-0.0,0.9999974985461304,1.0863689710528654e-05,0.9999999990629513,4.069550628888478e-09
7.190000000000005,0.9691311552359124,0.13617444682178234,1.0,-0.0,0.9999999983976499,6.9589182507085936e-09,0.9999999987234816,5.543849177175668e-09,1.0,-0.0,0.9999977667921089,9.698709469904853e-06,0.9999999998750368,5.427080689706344e-10
7.210000000000005,0.7581873127571125,1.2022348718164642,1.0,-0.0,0.9999999986256003,5.9689420828901985e-09,0.9999999981912141,7.855457355202158e-09,1.0,-0.0,0.9999948022043403,2.257379839756358e-05,0.9999999999982693,7.516450438056101e-12
7.230000000000006,0.9903917542656852,0.04192984127490841,1.0,-0.0,0.9999999987790165,5.302664127197245e-09,0.9999999978927061,9.151861112839878e-09,1.0,-0.0,0.9999884910305918,4.9983106691139314e-05,0.9999999995672655,1.879342119856067e-09
7.250000000000005,0.9366841564553974,0.2840682558203318,1.0,-0.0,0.999999998887933,4.8296455928978715e-09,0.9999999978829656,9.194163748068255e-09,1.0,-0.0,0.9999844021104659,6.774130185196863e-05,0.999999999918411,3.54336341634661e-10
7.270000000000005,0.7743751018088284,1.110486191821897,1.0,-0.0,0.9999999992062082,3.447394030262667e-09,0.9999999981448735,8.056712015676785e-09,1.0,-0.0,0.9999800308834867,8.672563702194189e-05,0.9999999999988047,5.190974752459447e-12
7.290000000000005,0.9386725384575539,0.27485887546741294,1.0,-0.0,0.9999999991667121,3.618923296351646e-09,0.9999999986877057,5.69922161878785e-09,1.0,-0.0,0.999964561372886,0.00015391072922682324,0.9999999999748758,1.0911317067814185e-10
7.310000000000006,0.9201439879409274,0.3614420713789513,1.0,-0.0,0.9999999994306591,2.472616146289966e-09,0.9999999987685521,5.348110469932962e-09,1.0,-0.0,0.999937518767356,0.0002713610231717566,0.9999999998074601,8.361900436968526e-10
7.330000000000005,0.8003263472451991,0.9673288562402884,1.0,-0.0,0.9999999995642216,1.8925616029370533e-09,0.9999999992691643,3.1739792277898523e-09,1.0,-0.0,0.9999112772255888,0.00038533520771639296,0.9999999999812081,8.161199782263807e-11
7.350000000000005,0.8897102076948609,0.5075142671832591,1.0,-0.0,0.9999999995882543,1.788189066041629e-09,0.9999999994593471,2.348025519705867e-09,1.0,-0.0,0.9999130711115567,0.00037754377565724263,0.9999999999997963,8.847704505627311e-13
7.370000000000005,0.9776539254612058,0.09814851614270224,1.0,-0.0,0.9999999996716514,1.4259997235635191e-09,0.9999999995713515,1.8615965658089104e-09,1.0,-0.0,0.999817699833985,0.000791791735578834,0.9999999999999133,3.76569875689075e-13
7.390000000000006,0.9639439742830398,0.15948207141568752,1.0,-0.0,0.9999999997613546,1.0364239632226128e-09,0.9999999997630085,1.0292411700862825e-09,1.0,-0.0,0.999845599179455,0.000670606016032043,0.9999999999999516,2.1022338770862167e-13
7.4100000000000055,0.9726247182392682,0.12054697487863976,1.0,-0.0,0.9999999998176992,7.917224933870801e-10,0.9999999996957377,1.321394301596064e-09,1.0,-0.0,0.9998590478172444,0.0006121906976507647,0.9999999999999688,1.3548800905073896e-13
7.430000000000005,0.9972866557731656,0.011799920124077795,1.0,-0.0,0.999999999866568,5.794880007134619e-10,0.9999999943265708,2.4639389893824107e-08,1.0,-0.0,0.9998162419339416,0.0007981244740948085,0.9999999999999931,2.9894151463152004e-14
7.4500000000000055,0.9516911039998471,0.21503990268066359,1.0,-0.0,0.9999999998835918,5.055544603347854e-10,0.9999999775601114,9.745519908904294e-08,1.0,-0.0,0.9996396871458836,0.0015651008229234926,1.0,-0.0
7.470000000000006,0.7696889504185618,1.1368474808608502,1.0,-0.0,0.9999999999000015,4.342877675663865e-10,0.9999999125114415,3.7995799852197094e-07,1.0,-0.0,0.9997898146831209,0.0009129191774413827,1.0,-0.0
7.4900000000000055,0.941895535523215,0.25997261603729177,1.0,-0.0,0.9999999999190171,3.5170420981448983e-10,0.9999996859434915,1.3639303005007324e-06,1.0,-0.0,0.9999678570534808,0.00013959728660011645,1.0,-0.0
7.510000000000005,0.9938590676548723,0.026751955616577183,1.0,-0.0,0.9999999999371075,2.731385224538086e-10,0.99999901946789,4.258398934555381e-06,1.0,-0.0,0.9997086653477529,0.0012654346600160554,1.0,-0.0
7.530000000000006,0.9972125103391052,0.012122817756051642,1.0,-0.0,0.9999999999606929,1.7070862327875083e-10,0.9999972586796111,1.1905419498618672e-05,1.0,-0.0,0.9997488896044183,0.0010906955397228717,1.0,-0.0
7.550000000000006,0.9932686726844727,0.02933261794771493,1.0,-0.0,0.9999999999709769,1.2604579666380944e-10,0.9999923956704992,3.302530897534227e-05,1.0,-0.0,0.9999902557126218,4.2319108569476007e-05,1.0,-0.0
7.570000000000006,0.9640263304582944,0.15911104046777771,1.0,-0.0,0.9999999999783868,9.386474261291167e-11,0.9999837505188756,7.057117323538777e-05,1.0,-0.0,0.9998949825765081,0.0004561088253683088,1.0,-0.0
7.590000000000005,0.9015703751051859,0.45000367303259287,1.0,-0.0,0.9999999999815378,8.018045369851303e-11,0.9999678046161355,0.00013982502642316655,1.0,-0.0,0.9999480022951595,0.00022582903418544314,1.0,-0.0
7.610000000000006,0.9291248528456645,0.31925922972334375,1.0,-0.0,0.9999999999878005,5.29815975039606e-11,0.999942305625274,0.00025057071413355625,1.0,-0.0,0.9999958043625994,1.8221459936894374e-05,1.0,-0.0
7.630000000000006,0.9948301433934911,0.022510640624087804,1.0,-0.0,0.9999999999904864,4.13170924684054e-11,0.9999042425840432,0.0004158890860634294,1.0,-0.0,0.9999420990586928,0.0002514678732507447,1.0,-0.0
7.650000000000006,0.9846577470883277,0.06714697807237494,1.0,-0.0,0.999999999995456,1.973447943932458e-11,0.9998765185503468,0.0005363062346353122,1.0,-0.0,0.9993523766211684,0.002813503741548413,1.0,-0.0
7.670000000000005,0.9992062166497944,0.003448726240100718,1.0,-0.0,0.999999999997202,1.215149040605497e-11,0.999831142932627,0.0007333988474367174,1.0,-0.0,0.9991433048857553,0.0037221742198814715,1.0,-0.0
7.690000000000006,0.9999050767649958,0.0004122659387849551,1.0,-0.0,0.9999999999975907,1.0463435175849046e-11,0.9998228255802651,0.0007695269005068197,1.0,-0.0,0.9996887748394578,0.0013518440733869836,1.0,-0.0
7.710000000000006,0.9917171917514092,0.03612158060271819,1.0,-0.0,0.9999999999972237,1.2057468478065762e-11,0.999805641175591,0.0008441716882664095,1.0,-0.0,0.9998416511553361,0.0006877547485550976,1.0,-0.0
7.730000000000006,0.9995238311087197,0.002068467728455262,1.0,-0.0,0.9999999999975929,1.045379190118349e-11,0.9998531722844874,0.0006377114843815843,1.0,-0.0,0.999863136475247,0.000594431414657624,1.0,-0.0
7.750000000000005,0.9897375286532748,0.0447996193866616,1.0,-0.0,0.9999999999978881,9.171718534397998e-12,0.9998952181001844,0.00045508585172880146,1.0,-0.0,0.9999322741908132,0.0002941394126498626,1.0,-0.0
7.770000000000006,0.9763308766841016,0.10402975810901885,1.0,-0.0,0.9999999999979778,8.782130237909666e-12,0.9999477379956543,0.0002269769321918523,1.0,-0.0,0.9998705727595808,0.0005621317415850319,1.0,-0.0
7.790000000000006,0.9982019855166598,0.007815706168895046,1.0,-0.0,0.9999999999919081,3.514250370001035e-11,0.9999591890457589,0.00017724333904080132,1.0,-0.0,0.9998331790558433,0.0007245545922522949,1.0,-0.0
7.810000000000006,0.9951775909692347,0.020994118212402383,1.0,-0.0,0.9999999999888528,4.8411649639911225e-11,0.9999028719980756,0.00042184203940944036,1.0,-0.0,0.9999422907234661,0.00025063543559751105,1.0,-0.0
7.830000000000005,0.9996623188586985,0.0014667782287137482,1.0,-0.0,0.9999999999836783,7.088433692077768e-11,0.999872591658006,0.0005533626510218448,1.0,-0.0,0.9998952484400611,0.0004549540735128907,1.0,-0.0
7.850000000000006,0.9972696296822962,0.011874065309822247,1.0,-0.0,0.9999999999729735,1.1737456408431928e-10,0.9998517905693687,0.0006437130822451554,1.0,-0.0,0.9999212083272904,0.0003422013682633526,1.0,-0.0
7.870000000000006,0.9629446215224751,0.16398688222049332,1.0,-0.0,0.9999999999568036,1.8759978318359503e-10,0.9998407254557041,0.0006917756495417477,1.0,-0.0,0.9998400852697001,0.0006945563858215748,1.0,-0.0
7.890000000000006,0.9863916197305661,0.059506261124792376,1.0,-0.0,0.9999999999270321,3.168953634153697e-10,0.9998773581879371,0.0005326592861130293,1.0,-0.0,0.9998456303491192,0.0006704706269984004,1.0,-0.0
7.9100000000000055,0.9970039588613002,0.01303117206695517,1.0,-0.0,0.9999999998733244,5.501449623936291e-10,0.9998770972940261,0.000533792473096182,1.0,-0.0,0.9998687686168655,0.0005699680551447408,1.0,-0.0
7.930000000000006,0.9767056073096211,0.10236318970444314,1.0,-0.0,0.9999999998218708,7.736051911059451e-10,0.9999196063987676,0.0003491590092185559,1.0,-0.0,0.9998157353978072,0.0008003247374486203,1.0,-0.0
7.950000000000006,0.9977064238895826,0.009972314994138908,1.0,-0.0,0.9999999997412948,1.1235422709001673e-09,0.999928048792705,0.0003124913651451539,1.0,-0.0,0.9999633404387662,0.00015921336989220596,1.0,-0.0
7.970000000000006,0.999759498107818,0.0010446120672446921,1.0,-0.0,0.999999999651223,1.5147192970076585e-09,0.9999563916124201,0.00018939295049703493,1.0,-0.0,0.9998853953041351,0.0004977503929542242,1.0,-0.0
7.9900000000000055,0.9997104792092779,0.0012575548709945292,1.0,-0.0,0.9999999995267435,2.0553270609444292e-09,0.9999710437084568,0.00012575739707866197,1.0,-0.0,0.9999871279903942,5.59027872192413e-05,1.0,-0.0
8.010000000000005,0.9996296986404178,0.0016084962036271475,1.0,-0.0,0.9999999993715541,2.7293056531281826e-09,0.9999805505979266,8.446850140168996e-05,1.0,-0.0,0.9998919344942939,0.00046934788873760196,1.0,-0.0
8.030000000000006,0.9928014317516639,0.03137605198489829,0.9999999999999971,1.253625706519275e-14,0.999999999116445,3.837230641399778e-09,0.9999868609591753,5.706250415067412e-05,1.0,-0.0,0.9999252826779034,0.0003245053301271487,1.0,-0.0
8.050000000000006,0.9987920095059694,0.005249407313289515,0.9999999999999952,2.073304053089572e-14,0.9999999988901854,4.819863455066288e-09,0.9999925216881334,3.247801721689405e-05,1.0,-0.0,0.999932983256646,0.0002910597713854718,1.0,-0.0
8.070000000000006,0.9990394720379391,0.004173524650965681,0.9999999999999913,3.7608771195578356e-14,0.9999999984279532,6.827312623829315e-09,0.9999960323125855,1.7231481684966353e-05,1.0,-0.0,0.9999740116116308,0.00011286760325293928,1.0,-0.0
8.090000000000007,0.9999467288665778,0.00023135975535301575,0.999999999999977,9.980789278826636e-14,0.9999999980005058,8.683693145287723e-09,0.9999978037312509,9.538284459378384e-06,1.0,-0.0,0.9999396489598412,0.0002621091465401661,1.0,-0.0
8.110000000000007,0.9999517925699428,0.0002093672551749002,0.9999999999987379,5.481237319892343e-12,0.9999999972812905,1.180720526565183e-08,0.9999988078940278,5.177253541442334e-06,1.0,-0.0,0.9999903903272978,4.173447880249154e-05,1.0,-0.0
8.130000000000006,0.999861498600463,0.0006015455939628398,0.9999999999970095,1.298756231955909e-11,0.9999999967133489,1.4273744226949925e-08,0.9999993730336679,2.7228810371638267e-06,1.0,-0.0,0.9999601608443432,0.0001730227012161657,1.0,-0.0
8.150000000000006,0.9987292242992573,0.0055224183668667205,0.999999999995397,1.999050838169565e-11,0.999999995724543,1.8568073816657583e-08,0.9999996938279571,1.3296884911796104e-06,1.0,-0.0,0.99999168487338,3.611228621337754e-05,1.0,-0.0
8.170000000000005,0.9936693422263314,0.02758109301690485,0.9999999999953495,2.019687445953901e-11,0.999999994557885,2.36348051251051e-08,0.9999998229401308,7.68961309723689e-07,1.0,-0.0,0.9999830678066415,7.353620398761454e-05,1.0,-0.0
8.190000000000007,0.9997729230187525,0.0009862947858901082,0.9999999999952233,2.0745094624277135e-11,0.9999999932685986,2.923410509080569e-08,0.9999998762644663,5.373766282938307e-07,1.0,-0.0,0.9999729346286828,0.00011754500484420829,1.0,-0.0
8.210000000000006,0.9973425918513558,0.011556338715326103,0.9999999999956003,1.9107666586062142e-11,0.9999999911555122,3.841112267609282e-08,0.9999998934246288,4.628509808314005e-07,1.0,-0.0,0.9999896182237283,4.508771551706092e-05,1.0,-0.0
8.230000000000006,0.9997263942310731,0.0011884173429536195,0.9999999999970305,1.2896433373969532e-11,0.999999989969208,4.3563176256294826e-08,0.9999998460198054,6.687275398349124e-07,1.0,-0.0,0.9999929141092901,3.0773741376416893e-05,1.0,-0.0
8.250000000000007,0.99212796866992,0.03432307177641271,0.9999999999990089,4.30427564696273e-12,0.9999999868246657,5.7219750075324865e-08,0.9999997656848193,1.0176180192752063e-06,1.0,-0.0,0.999988165826047,5.139546856879891e-05,1.0,-0.0
8.270000000000007,0.9998211499789403,0.0007768052402325498,0.9999999999999624,1.6345350558078522e-13,0.9999999849175475,6.550225947684469e-08,0.9999996425042669,1.5525845195339277e-06,1.0,-0.0,0.9999932991629394,2.9101463097522127e-05,1.0,-0.0
8.290000000000006,0.9999588390985992,0.00017876320253794775,0.9999999999991163,3.838023316883779e-12,0.9999999806833348,8.389121167183328e-08,0.9999994143972998,2.5432409575983393e-06,1.0,-0.0,0.9999992593173423,3.2167451018895045e-06,1.0,-0.0
8.310000000000006,0.9999844949229869,6.733821592615754e-05,0.9999999999978045,9.534787825556094e-12,0.9999999776911775,9.688598598478849e-08,0.999998911302088,4.728157530370711e-06,1.0,-0.0,0.9999954045212812,1.995795635092963e-05,1.0,-0.0
8.330000000000005,0.9998937724112857,0.0004613650613277678,0.9999999999962738,1.618286137999414e-11,0.9999999726496434,1.1878109131939187e-07,0.9999985738909101,6.193517499805044e-06,1.0,-0.0,0.9999962430018817,1.6316466163367735e-05,1.0,-0.0
8.350000000000007,0.9969585565444237,0.013228948861013962,0.9999999999918108,3.556536129409741e-11,0.9999999685630686,1.3652886045860403e-07,0.999998037659101,8.522346602355128e-06,1.0,-0.0,0.9999979235576194,9.01788404138234e-06,1.0,-0.0
8.370000000000006,0.9999381591403311,0.00026857974579022294,0.9999999999792886,8.994860877115588e-11,0.9999999613861952,1.676976268251185e-07,0.999997307287271,1.1694318540338399e-05,1.0,-0.0,0.9999988932401722,4.8065995198671884e-06,1.0,-0.0
8.390000000000006,0.9999702144437437,0.0001293589537491613,0.9999999999616779,1.6643086663695441e-10,0.9999999552093847,1.9452317513557768e-07,0.9999960146886566,1.7308021739912768e-05,1.0,-0.0,0.9999952348419512,2.069486776716464e-05,1.0,-0.0
8.410000000000007,0.9997906037562996,0.0009094915570850198,0.9999999999337275,2.8781799731436404e-10,0.9999999509976134,2.1281466618802924e-07,0.9999954006335251,1.997484073884045e-05,1.0,-0.0,0.9999983824599564,7.02489283334476e-06,1.0,-0.0
8.430000000000007,0.9945879335318708,0.023568139880820654,0.9999999999222035,3.3786611066835153e-10,0.9999999387899999,2.6583166080640007e-07,0.9999948832936587,2.2221630146244687e-05,1.0,-0.0,0.9999996330750803,1.5935349712098075e-06,1.0,-0.0
8.450000000000006,0.9999074350425783,0.0004020231091716597,0.9999999998677322,5.74431549641918e-10,0.9999999322179428,2.9437374407013315e-07,0.9999944078501959,2.4286465925864213e-05,1.0,-0.0,0.9999991462646969,3.7077268942149406e-06,1.0,-0.0
8.470000000000006,0.99988913443139,0.00048150973872239524,0.9999999998827632,5.091528482766495e-10,0.9999999243919745,3.2836149506672606e-07,0.9999939591515608,2.6235150673158082e-05,1.0,-0.0,0.9999987113691529,5.596456267118106e-06,1.0,-0.0
8.490000000000006,0.9999213911339276,0.0003414073866385587,0.9999999998847738,5.004208630659944e-10,0.999999916647349,3.619959789152223e-07,0.9999938172422426,2.6851458778097425e-05,1.0,-0.0,0.9999994688311953,2.306837421142967e-06,1.0,-0.0
8.510000000000007,0.9925943875194023,0.03228184786735433,0.9999999998973289,4.458948951187314e-10,0.9999999096370111,3.924414920734443e-07,0.9999952442426281,2.0654040951756505e-05,1.0,-0.0,0.9999998138118459,8.086049545619415e-07,1.0,-0.0
8.530000000000006,0.9994388415458324,0.0024377642511815884,0.9999999999223249,3.373386235441059e-10,0.9999999008024893,4.308093363065063e-07,0.9999965595970636,1.4941505810557767e-05,1.0,-0.0,0.9999994641716263,2.327073682781918e-06,1.0,-0.0
8.550000000000006,0.9999613432715534,0.00016788728353540896,0.9999999999581284,1.818461233541601e-10,0.9999998895929958,4.794915533697723e-07,0.9999980789247284,8.34313191182692e-06,1.0,-0.0,0.999999322530854,2.942212114322862e-06,1.0,-0.0
8.570000000000007,0.9996541098683819,0.0015024416099104249,0.9999999999928674,3.097660904446844e-11,0.9999998926114645,4.6638250895225156e-07,0.9999982943618384,7.40749873431265e-06,1.0,-0.0,0.9999998228629207,7.692966291048895e-07,1.0,-0.0
8.590000000000007,0.9991776592925717,0.0035728495660510102,0.9999999999697694,1.312898094270816e-10,0.9999998811243574,5.16270386615764e-07,0.9999970254637931,1.2918265821720156e-05,1.0,-0.0,0.9999997634285056,1.0274170674386782e-06,1.0,-0.0
8.610000000000007,0.9999893725206667,4.615480156512137e-05,0.9999999999645539,1.5394041512596226e-10,0.9999998659345171,5.822390335630373e-07,0.9999961029361868,1.692476607547642e-05,1.0,-0.0,0.9999996203897823,1.6486265411493063e-06,1.0,-0.0
8.630000000000006,0.9999905525930461,4.102976089626688e-05,0.999999999925271,3.245439267169019e-10,0.9999998728392879,5.522519907864604e-07,0.9999950418574849,2.1532992729890076e-05,1.0,-0.0,0.9999996993398471,1.3057506495569283e-06,1.0,-0.0
8.650000000000006,0.999991771749603,3.5734984449908996e-05,0.9999999999286343,3.099372585799523e-10,0.9999998655131875,5.840688446943584e-07,0.9999940836962425,2.5694256758865127e-05,1.0,-0.0,0.9999999384597236,2.6726603290882886e-07,1.0,-0.0
8.670000000000007,0.9993749747289757,0.0027152989162031313,0.9999999999233797,3.327575859138911e-10,0.9999998559740746,6.25496691601719e-07,0.9999945319955943,2.3747306329456994e-05,1.0,-0.0,0.9999998267494896,7.524174716384134e-07,1.0,-0.0
8.690000000000007,0.9991083638792623,0.003874053850969156,0.9999999999440781,2.4286587245823614e-10,0.9999998390698086,6.989109971835549e-07,0.9999946288402661,2.332671298420944e-05,1.0,-0.0,0.9999997528604306,1.0733136449801026e-06,1.0,-0.0
8.710000000000006,0.9996344811767511,0.0015877182678243418,0.9999999999138006,3.743591549881199e-10,0.9999997990033269,8.729175477360192e-07,0.999994617972047,2.337391331382956e-05,1.0,-0.0,0.9999997743612017,9.799369606594149e-07,1.0,-0.0
8.730000000000008,0.9999902356582697,4.240620436344798e-05,0.9999999999565087,1.888804100592333e-10,0.9999998069763812,8.382910059291515e-07,0.9999960625117037,1.710032806261752e-05,1.0,-0.0,0.9999999883143575,5.075010064782089e-08,1.0,-0.0
8.750000000000007,0.9999709711964335,0.00012607232192493416,0.9999999999527224,2.0532412201964625e-10,0.9999997804090698,9.536713974020003e-07,0.9999967931366386,1.3927252952216218e-05,1.0,-0.0,0.9999999595312757,1.7575343991649664e-07,1.0,-0.0
8.770000000000007,0.999953276906476,0.00020292055752444652,0.9999999999488304,2.2222685385422425e-10,0.9999997857161542,9.306230175352581e-07,0.9999972556989535,1.1918364365646995e-05,1.0,-0.0,0.9999999451209458,2.3833671060720164e-07,1.0,-0.0
8.790000000000006,0.9990720397367832,0.004031951252142115,0.9999999999733986,1.1552835914955351e-10,0.9999996686250424,1.43914339364922e-06,0.9999982096027088,7.775603600545086e-06,1.0,-0.0,0.9999997953357436,8.888456630668684e-07,1.0,-0.0
8.810000000000006,0.996583161199277,0.014864551742110009,0.9999999999780302,9.541345252422999e-11,0.9999996850984408,1.367600310197258e-06,0.9999987219373976,5.550558904546444e-06,1.0,-0.0,0.9999999320008877,2.9531640268034687e-07,1.0,-0.0
8.830000000000007,0.9999682500921291,0.0001378902869062861,0.9999999999793802,8.955082369119443e-11,0.999999656223752,1.4930015318917922e-06,0.9999990766040552,4.010259485994078e-06,1.0,-0.0,0.9999999950659615,2.142825704153172e-08,1.0,-0.0
8.850000000000007,0.999989907616327,4.3830886563774954e-05,0.999999999980268,8.569496031610333e-11,0.9999995944798862,1.761151834428002e-06,0.9999994493006196,2.391657679627355e-06,1.0,-0.0,0.9999999644604269,1.5434640744397538e-07,1.0,-0.0
8.870000000000006,0.9999938613647411,2.6659836021114705e-05,0.9999999999871783,5.568412522901e-11,0.9999996781784395,1.397653503774502e-06,0.9999996623511276,1.4663906686788784e-06,1.0,-0.0,0.9999999876682591,5.355607036737847e-08,1.0,-0.0
8.890000000000008,0.9999841460252374,6.885348335826196e-05,0.9999999999714974,1.2378541308214353e-10,0.9999995237358169,2.0683895589971907e-06,0.9999997932024839,8.981102940478612e-07,1.0,-0.0,0.9999999405454041,2.582080369645856e-07,1.0,-0.0
8.910000000000007,0.9991003502853191,0.003908887645908533,0.9999999999660955,1.4724557168918392e-10,0.9999996966348872,1.3174981447868743e-06,0.9999998761915051,5.376934947666298e-07,1.0,-0.0,0.9999998749315613,5.431653619152732e-07,1.0,-0.0
8.930000000000007,0.9996613519971819,0.0014709786753703516,0.9999999999563984,1.8935919864639786e-10,0.9999996365192546,1.5785771069058462e-06,0.9999999309182309,3.00018321491231e-07,1.0,-0.0,0.999999946212964,2.335941358149207e-07,1.0,-0.0
8.950000000000006,0.9999379320766737,0.0002695659318234133,0.9999999999338786,2.871617724733311e-10,0.999999735419005,1.1490608134679272e-06,0.999999962738481,1.618247238245749e-07,1.0,-0.0,0.9999999775019949,9.770759589768117e-08,1.0,-0.0
8.970000000000006,0.999984907056983,6.554831333956355e-05,0.9999999998147406,8.045711925537975e-10,0.9999997893137876,9.149986908218225e-07,0.9999999794535881,8.923193405003712e-08,1.0,-0.0,0.9999999962135812,1.644420813728052e-08,1.0,-0.0
8.990000000000007,0.9994026549821015,0.0025950115864646016,0.9999999990295354,4.214674198123428e-09,0.9999997992062764,8.720361493615385e-07,0.9999999892437714,4.671370741115695e-08,1.0,-0.0,0.9999999934895483,2.8274532716636715e-08,1.0,-0.0
9.010000000000007,0.9999418140497431,0.00025270572324114074,0.9999999956211453,1.9017124475330833e-08,0.9999998337334123,7.220866757462778e-07,0.999999995361276,2.0145722237917683e-08,1.0,-0.0,0.9999999764332119,1.0234926138443717e-07,1.0,-0.0
9.030000000000006,0.9988709132425234,0.004906331842302159,0.9999999801165524,8.635271640243166e-08,0.9999997972544479,8.805128344420561e-07,0.999999997838647,9.386636760511762e-09,1.0,-0.0,0.9999999699882597,1.303393340676373e-07,1.0,-0.0
9.050000000000006,0.9999564714526155,0.00018904619382665883,0.9999999312153989,2.9872773736342825e-07,0.9999997889146143,9.167322790676014e-07,0.9999999996561985,1.493111129293383e-09,1.0,-0.0,0.9999999378943147,2.6972157241328225e-07,1.0,-0.0
9.070000000000007,0.9996540136603412,0.0015028595807141769,0.9999998142494907,8.067042869514307e-07,0.9999997956163492,8.876270079645159e-07,0.9999999999819149,7.854254349654235e-11,1.0,-0.0,0.9999999969763352,1.3131609236872594e-08,1.0,-0.0
9.090000000000007,0.9995389238221007,0.002002890175951686,0.9999995959768885,1.7546504334139914e-06,0.9999997829934933,9.424473860241588e-07,0.9999999999936974,2.7371952974468034e-11,1.0,-0.0,0.9999999968953514,1.3483317787224132e-08,1.0,-0.0
9.110000000000007,0.9999857372660274,6.194270834898418e-05,0.9999989437049333,4.5874336103454065e-06,0.9999997800792348,9.551038526481811e-07,0.9999999999958356,1.8085961635244558e-11,1.0,-0.0,0.9999999984162709,6.878048302743405e-09,1.0,-0.0
9.130000000000006,0.9999952091377715,2.080650013448627e-05,0.9999981778035715,7.913705748686571e-06,0.9999997383135302,1.1364900470473697e-06,0.9999999999965493,1.4986130993997216e-11,1.0,-0.0,0.9999999762630889,1.0308809631965125e-07,1.0,-0.0
9.150000000000007,0.9999784897239442,9.341894668972792e-05,0.9999960415945665,1.719117039408322e-05,0.9999997508123896,1.0822081765418214e-06,0.9999999999963637,1.579230875603862e-11,1.0,-0.0,0.9999999862209161,5.984180133344838e-08,1.0,-0.0
9.170000000000007,0.9995011315296667,0.0021670988322074767,0.9999944134296651,2.4262234463484007e-05,0.9999997549660253,1.064169161142507e-06,0.999999999994515,2.382081707886463e-11,1.0,-0.0,0.9999999824708248,7.61282413815449e-08,1.0,-0.0
9.190000000000007,0.9999851910453174,6.43149492340338e-05,0.999991007166145,3.905555680943548e-05,0.9999996962824732,1.3190286597499304e-06,0.9999999999030882,4.2088265145250953e-10,1.0,-0.0,0.9999999783997966,9.380849247525957e-08,1.0,-0.0
9.210000000000006,0.9999563739261417,0.00018946976437877046,0.999985123977912,6.460622359810878e-05,0.9999997482352823,1.0934004141650052e-06,0.9999999992385756,3.306824015353886e-09,1.0,-0.0,0.9999999987953967,5.231525689903334e-09,1.0,-0.0
9.230000000000008,0.9999971218392263,1.2499711408631635e-05,0.9999826249226672,7.545965764333455e-05,0.9999997390574661,1.1332591735845938e-06,0.9999999986071346,6.049137483774664e-09,1.0,-0.0,0.9999999996030897,1.7237594549927535e-09,1.0,-0.0
9.250000000000007,0.9999839885876195,6.953723713946569e-05,0.9999831609684147,7.313160071545591e-05,0.999999625904418,1.6246767733729234e-06,0.9999999975352705,1.0704184362690262e-08,1.0,-0.0,0.9999999930668951,3.011009197062419e-08,1.0,-0.0
9.270000000000007,0.9999968763705306,1.356577160800532e-05,0.9999786307651686,9.280639930223005e-05,0.9999997378771162,1.1383853695336614e-06,0.9999999966414832,1.4585853152010503e-08,1.0,-0.0,0.9999999979915812,8.722451877064836e-09,1.0,-0.0
9.290000000000006,0.9999687546677748,0.00013569887369563896,0.9999756140393835,0.00010590817265803235,0.9999997147695423,1.2387403151497384e-06,0.9999999954014619,1.9971197287887335e-08,1.0,-0.0,0.9999999954620975,1.9707860188609182e-08,1.0,-0.0
9.310000000000008,0.9995914256086033,0.0017747786255483925,0.9999765539482824,0.00010182610254823149,0.9999995136688714,2.1121097688398653e-06,0.9999999938171784,2.6851653065794842e-08,1.0,-0.0,0.9999999893990034,4.603954366127176e-08,1.0,-0.0
9.330000000000007,0.9999366122273983,0.00027529832397665875,0.9999871843976073,5.5657810659305145e-05,0.9999993370611242,2.879107910305738e-06,0.9999999933573428,2.884869377616228e-08,1.0,-0.0,0.9999999834634161,7.181747187999971e-08,1.0,-0.0
9.350000000000007,0.9999928988178857,3.084015157334474e-05,0.9999835354607873,7.150517392290096e-05,0.9999981874665262,7.871739993065979e-06,0.9999999919233835,3.5076299867955795e-08,1.0,-0.0,0.9999999996035718,1.721665900062036e-09,1.0,-0.0
9.370000000000006,0.999150082446064,0.003692714511297308,0.9999922184627159,3.379491852042937e-05,0.9999957313762021,1.8538437174220467e-05,0.9999999927930115,3.129955326458349e-08,1.0,-0.0,0.9999999955155243,1.9475830462852664e-08,1.0,-0.0
9.390000000000008,0.9996970652262359,0.001315828321365209,0.9999951483085409,2.1070679400275818e-05,0.9999908547164391,3.971764347416232e-05,0.9999999931988057,2.9537211537816158e-08,1.0,-0.0,0.999999999094395,3.932992698387786e-09,1.0,-0.0
9.410000000000007,0.9999012742968114,0.0004287814473914463,0.999996146240398,1.673669754688672e-05,0.9999837456597862,7.059227633528475e-05,0.9999999939985436,2.6063994243625455e-08,1.0,-0.0,0.9999999997822075,9.458605956717924e-10,1.0,-0.0
9.430000000000007,0.9998670290634929,0.0005775238375792017,0.9999936552253869,2.7555093449598994e-05,0.9999770963043362,9.947062554671307e-05,0.999999995296391,2.0427514154200316e-08,1.0,-0.0,0.9999999961352996,1.6784180822587005e-08,1.0,-0.0
9.450000000000006,0.9999647369333141,0.0001531482530210692,0.9999844514627466,6.752696428224188e-05,0.9999719977049345,0.00012161412502098212,0.9999999970260073,1.2915886288975307e-08,1.0,-0.0,0.9999999960437875,1.7181612478077883e-08,1.0,-0.0
9.470000000000008,0.999928645524022,0.00030989960825677403,0.9999880424139764,5.193144675718824e-05,0.9999686011585172,0.00013636557681330784,0.9999999986643392,5.800701173373741e-09,1.0,-0.0,0.9999999894699214,4.5731550483621314e-08,1.0,-0.0
9.490000000000007,0.999995050549735,2.149524258016409e-05,0.9999870495575885,5.624342096437428e-05,0.9999697424780224,0.00013140873637079573,0.9999999982530187,7.587043554702108e-09,1.0,-0.0,0.9999999989157914,4.708658175828836e-09,1.0,-0.0
9.510000000000007,0.999916039834212,0.000364649675252111,0.9999810831590156,8.215557361019754e-05,0.9999705211647456,0.00012802684188954023,0.9999999975628001,1.0584624632275283e-08,1.0,-0.0,0.9999999995676861,1.8775152014698913e-09,1.0,-0.0
9.530000000000006,0.9999136461025484,0.00037504640513315063,0.9999825089122968,7.596349306391377e-05,0.9999778656224376,9.61294442436675e-05,0.9999999970430724,1.284177338347731e-08,1.0,-0.0,0.9999999998637462,5.917426741600736e-10,1.0,-0.0
9.550000000000008,0.9999974675914219,1.099812463963682e-05,0.9999874536670416,5.448837353507037e-05,0.9999839117292819,6.987103401585905e-05,0.9999999966463757,1.4564605160541159e-08,1.0,-0.0,0.9999999998058756,8.430714844995073e-10,1.0,-0.0
9.570000000000007,0.9999976947078106,1.001176831018476e-05,0.9999884960080774,4.99614894973861e-05,0.9999942161479091,2.511902311480287e-05,0.9999999947524263,2.2789923111353207e-08,1.0,-0.0,0.9999999988581992,4.9587777197620796e-09,1.0,-0.0
9.590000000000007,0.9999531192764324,0.00020360516814659163,0.9999894471877407,4.583052314844101e-05,0.9999958836282409,1.7877212199141358e-05,0.999999995503424,1.9528381488378465e-08,1.0,-0.0,0.9999999970154162,1.2961882780612004e-08,1.0,-0.0
9.610000000000007,0.9999639935148378,0.00015637699349668226,0.9999900411496588,4.325095285791464e-05,0.9999804994349157,8.469070386188066e-05,0.9999999952411746,2.0667316359425078e-08,1.0,-0.0,0.9999999959250921,1.7697099995522447e-08,1.0,-0.0
9.630000000000008,0.9999385816679164,0.0002667446187048086,0.9999877920090903,5.3018954500321406e-05,0.9999803105498871,8.551103719274799e-05,0.9999999952114211,2.0796533829741396e-08,1.0,-0.0,0.9999999984421712,6.765564325230609e-09,1.0,-0.0
9.650000000000007,0.9999974420633547,1.1108991909067382e-05,0.9999930648779343,3.011895688417129e-05,0.9999835285418874,7.15352228182092e-05,0.9999999952563486,2.060141614870265e-08,1.0,-0.0,0.9999999997698176,9.99669586153785e-10,1.0,-0.0
9.670000000000007,0.9999970759721024,1.2698910374531186e-05,0.9999948796672959,2.2237379320242064e-05,0.9999825231579557,7.590162387179117e-05,0.99999999537513,2.0085555436182074e-08,1.0,-0.0,0.9999999998672346,5.765926074947504e-10,1.0,-0.0
9.690000000000007,0.9999643366652083,0.00015488665696662077,0.9999959108021851,1.775919677474766e-05,0.999981546069662,8.01451406506704e-05,0.9999999960012603,1.7366305779007846e-08,1.0,-0.0,0.99999999989156,4.70949087029897e-10,1.0,-0.0
9.710000000000008,0.9998226727468299,0.0007701907653531727,0.9999967376402402,1.4168271527574803e-05,0.9999816834520512,7.954848554591855e-05,0.9999999966430149,1.4579201221123882e-08,1.0,-0.0,0.9999999991187482,3.827228154744127e-09,1.0,-0.0
9.730000000000008,0.999868551048332,0.0005709130673977726,0.9999974485101539,1.1080993744330868e-05,0.9999818707277333,7.87351427712561e-05,0.9999999972145952,1.209685934325012e-08,1.0,-0.0,0.9999999995542362,1.935927409127069e-09,1.0,-0.0
9.750000000000007,0.9999973857440376,1.1353584228012439e-05,0.999998051595692,8.461820638359078e-06,0.9999817015342225,7.946995423597315e-05,0.9999999977400049,9.81503393467404e-09,1.0,-0.0,0.9999999986442395,5.887993060091081e-09,1.0,-0.0
9.770000000000007,0.9999986259007173,5.967641460668691e-06,0.9999985244791313,6.408110439790204e-06,0.9999817596684717,7.921747578700558e-05,0.9999999978983117,9.127516183731775e-09,1.0,-0.0,0.9999999973244544,1.1619746755940537e-08,1.0,-0.0
9.790000000000008,0.9999903797975673,4.178020928036461e-05,0.9999988961688163,4.793880566066365e-06,0.9999827014893419,7.512712703526363e-05,0.9999999981781479,7.912203205074499e-09,1.0,-0.0,0.9999999999477794,2.267910157536569e-10,1.0,-0.0
9.810000000000008,0.9999820602738564,7.791193957178139e-05,0.9999991867773921,3.531782347851243e-06,0.9999840553044238,6.92474851102004e-05,0.9999999984914241,6.551662027909136e-09,1.0,-0.0,0.9999999999852519,6.405014816520836e-11,1.0,-0.0
9.830000000000007,0.999825602101203,0.0007574665032340095,0.9999994056146193,2.5813836767544294e-06,0.999985651051682,6.231713784988824e-05,0.9999999987830754,5.285036221087164e-09,1.0,-0.0,0.9999999999742907,1.1165417355257435e-10,1.0,-0.0
9.850000000000007,0.9996290098001613,0.0016114889080835406,0.9999995811812408,1.81890714140394e-06,0.9999874218383562,5.462660549572925e-05,0.9999999992734542,3.1553484211224666e-09,1.0,-0.0,0.999999999811396,8.190968571852048e-10,1.0,-0.0
9.870000000000008,0.9999761878740387,0.00010341598035563699,0.9999997183553261,1.2231674496418834e-06,0.9999892724689794,4.658932516160731e-05,0.9999999996296021,1.60861779111465e-09,1.0,-0.0,0.9999999999421741,2.5113449832066756e-10,1.0,-0.0
9.890000000000008,0.9998538659351889,0.0006346985563251928,0.9999999026865083,4.2262714520440937e-07,0.9999900008542898,4.342595516847208e-05,0.9999999995611758,1.905789282801549e-09,1.0,-0.0,0.9999999993993579,2.6085554606745732e-09,1.0,-0.0
9.910000000000007,0.9998911782963682,0.0004726323707823521,0.9999998397292951,6.960468833952833e-07,0.9999916745620681,3.615706804463553e-05,0.9999999996692458,1.4364472473396005e-09,1.0,-0.0,0.999999998879408,4.8666690173625825e-09,1.0,-0.0
9.930000000000007,0.9999859935500146,6.0829665401928716e-05,0.9999998685623237,5.708266128199511e-07,0.9999930183041601,3.0321225622876935e-05,0.9999999998364727,7.101900525671015e-10,1.0,-0.0,0.9999999994345172,2.4558604743853618e-09,1.0,-0.0
9.950000000000008,0.9999896521414391,4.4940411244099016e-05,0.99999990856221,3.971092945270864e-07,0.9999937874054167,2.6981039269649156e-05,0.9999999998072787,8.369778992371785e-10,1.0,-0.0,0.999999999985009,6.510512241363336e-11,1.0,-0.0
9.970000000000008,0.9999744450149265,0.0001109853081454226,0.9999999360969736,2.775273264047317e-07,0.9999949623436023,2.187831886022776e-05,0.999999999917945,3.56360464987122e-10,1.0,-0.0,0.999999999970348,1.2877677204916846e-10,1.0,-0.0
9.990000000000007,0.9999530648365195,0.00020384160877526063,0.9999999474371102,2.2827773600999146e-07,0.9999961577590739,1.6686672380559212e-05,0.9999999999981918,7.853000723883794e-12,1.0,-0.0,0.9999999999745289,1.106194501809362e-10,1.0,-0.0
10.010000000000007,0.9999461811932386,0.00023373839780802615,0.999999931549818,2.972753733096696e-07,0.999996367836457,1.577431448860248e-05,0.9999999999991854,3.5376353110521746e-12,1.0,-0.0,0.9999999998584292,6.14833977513633e-10,1.0,-0.0
10.030000000000008,0.999995618702657,1.9027774279781613e-05,0.9999998870421541,4.905697191307851e-07,0.9999973571439154,1.147779330734116e-05,0.9999999999994613,2.339458433858905e-12,1.0,-0.0,0.9999999999633845,1.5901904572874816e-10,1.0,-0.0
10.050000000000008,0.9999922845710538,3.350781143214222e-05,0.999999658329716,1.4838554430112149e-06,0.9999974336679865,1.1145452623218998e-05,0.9999999999995584,1.9180473309749117e-12,1.0,-0.0,0.9999999998326482,7.26799628853763e-10,1.0,-0.0
10.070000000000007,0.9999994245695638,2.499063350580787e-06,0.9999993848909247,2.671385593490913e-06,0.999998286722549,7.440675803449316e-06,0.9999999999995507,1.951316628571015e-12,1.0,-0.0,0.999999999568149,1.8755050608649925e-09,1.0,-0.0
10.090000000000007,0.9999940226147143,2.595953204319722e-05,0.9999988219681543,5.116130314589604e-06,0.9999983843929755,7.016497824583122e-06,0.9999999999993496,2.8245151495354967e-12,1.0,-0.0,0.9999999997325781,1.161398392100875e-09,1.0,-0.0
10.110000000000008,0.9999964814565706,1.5280866840434633e-05,0.9999978579341718,9.302883654127928e-06,0.9999988261593972,5.097927956510921e-06,0.9999999999880089,5.207657617658939e-11,1.0,-0.0,0.9999999999752923,1.073040923508428e-10,1.0,-0.0
10.130000000000008,0.9999994529526863,2.3757969465072058e-06,0.9999963805325764,1.571917574232271e-05,0.9999989855919659,4.405520350698676e-06,0.9999999999593001,1.7675736731294833e-10,1.0,-0.0,0.9999999999887091,4.90355695107782e-11,1.0,-0.0
10.150000000000007,0.9999968904986414,1.3504413811211261e-05,0.999994475430678,2.3992965989885087e-05,0.9999991955622244,3.493630275043103e-06,0.9999999998954245,4.5416544963648265e-10,1.0,-0.0,0.999999999960085,1.7334846971854503e-10,1.0,-0.0
10.170000000000007,0.9999831515275844,7.317260241080735e-05,0.9999950770091569,2.1380330203781434e-05,0.9999993962935054,2.6218647842404646e-06,0.9999999998076078,8.355487659314714e-10,1.0,-0.0,0.9999999999648684,1.5257444526954135e-10,1.0,-0.0
10.190000000000008,0.9999857427663988,6.19188201984673e-05,0.9999898913641889,4.390146941556945e-05,0.9999994528327747,2.3763177164111954e-06,0.9999999996361094,1.58035672820573e-09,1.0,-0.0,0.9999999999813269,8.109608262802239e-11,1.0,-0.0
10.210000000000008,0.9999947334728433,2.287229705837151e-05,0.9999897946069277,4.432168512995263e-05,0.9999996077580023,1.7034856856331859e-06,0.9999999993344945,2.8902538360549885e-09,1.0,-0.0,0.999999999891176,4.726164092197488e-10,1.0,-0.0
10.230000000000008,0.9999351351563107,0.0002817135735899612,0.9999878978214751,5.255941156594663e-05,0.9999997047951261,1.2820586668015047e-06,0.9999999988227701,5.112644364012533e-09,1.0,-0.0,0.9999999998781296,5.292764338510892e-10,1.0,-0.0
10.250000000000007,0.9998416314039539,0.0006878405413041065,0.9999878275662873,5.28645296730312e-05,0.9999997354461554,1.1489429007779222e-06,0.9999999980102814,8.6412381463243e-09,1.0,-0.0,0.9999999997901283,9.114611062775478e-10,1.0,-0.0
10.270000000000008,0.9998820453621109,0.000512300698217042,0.9999844984668282,6.73228249801969e-05,0.9999997953509413,8.887796601420761e-07,0.9999999968918349,1.3498589359195642e-08,1.0,-0.0,0.9999999999908783,3.9615054489922994e-11,1.0,-0.0
10.290000000000008,0.9999154921656477,0.00036702836997285567,0.9999896821447342,4.4810107242805497e-05,0.9999998539012799,6.344987259701299e-07,0.9999999959334197,1.7660933858069608e-08,1.0,-0.0,0.9999999999624998,1.628614085193721e-10,1.0,-0.0
10.310000000000008,0.9999786956201775,9.252473156736747e-05,0.9999839494260812,6.970731626606588e-05,0.9999998742889018,5.459563969294637e-07,0.9999999930868887,3.00232610319522e-08,1.0,-0.0,0.9999999999966571,1.4517950008984003e-11,1.0,-0.0
10.330000000000007,0.9999941870052563,2.5245588781394516e-05,0.9999912531648274,3.79871886298628e-05,0.9999999019718347,4.257309332665535e-07,0.999999989749367,4.4517933746751966e-08,1.0,-0.0,0.9999999999703103,1.289407077184874e-10,1.0,-0.0
10.350000000000009,0.9999341953471588,0.00028579537956104707,0.9999934037899595,2.864707070183633e-05,0.9999999240634155,3.297884085984505e-07,0.9999999886973794,4.908665792842837e-08,1.0,-0.0,0.9999999999970081,1.2993830448091707e-11,1.0,-0.0
10.370000000000008,0.9999985878951224,6.1326978920457755e-06,0.9999948662979844,2.2295441800245262e-05,0.9999999399803113,2.6066220374368657e-07,0.9999999822584938,7.705038291284488e-08,1.0,-0.0,0.9999999999799318,8.715495210049405e-11,1.0,-0.0
10.390000000000008,0.9999923956438124,3.302542487584884e-05,0.9999966554209384,1.4525346597987199e-05,0.9999999545585119,1.9734987991815485e-07,0.9999999784134396,9.374924178361645e-08,1.0,-0.0,0.9999999999538028,2.0063170456717863e-10,1.0,-0.0
10.410000000000007,0.9999730214872011,0.000117167772898291,0.9999995192600789,2.0878274514673092e-06,0.9999999631231037,1.601543287435119e-07,0.9999999756684211,1.056707056467984e-07,1.0,-0.0,0.9999999999204106,3.456525727976488e-10,1.0,-0.0
10.430000000000009,0.9999564611195292,0.00018909107180386874,0.9999968680059347,1.3602098700077716e-05,0.9999999692735504,1.3344327717761792e-07,0.9999999702746019,1.2909576577728688e-07,1.0,-0.0,0.9999999999698841,1.3079173429059178e-10,1.0,-0.0
10.450000000000008,0.9999959056159835,1.7781720254188307e-05,0.9999925118975326,3.2520537573991744e-05,0.9999999772459879,9.881942016838231e-08,0.999999966046094,1.4745994273943192e-07,1.0,-0.0,0.9999999999875984,5.385961766226816e-11,1.0,-0.0
10.470000000000008,0.9998852373037355,0.00049843665867479,0.9999924192896744,3.2922731422080394e-05,0.9999999828448519,7.450386211228083e-08,0.999999967591596,1.4074791235390017e-07,1.0,-0.0,0.9999999999932384,2.93652178478467e-11,1.0,-0.0
10.490000000000007,0.9998725701717464,0.0005534559765533709,0.9999913487088686,3.757224252135272e-05,0.9999999852658524,6.398959031774374e-08,0.9999999567076021,1.8801649918452503e-07,1.0,-0.0,0.9999999999892726,4.6588588564372294e-11,1.0,-0.0
10.510000000000009,0.9999962494286987,1.6288554747142422e-05,0.9999905974513603,4.083494187696799e-05,0.9999999890855102,4.740102699875283e-08,0.9999999648124985,1.5281737988437507e-07,1.0,-0.0,0.9999999999990877,3.961939396335987e-12,1.0,-0.0
10.530000000000008,0.9999836172367481,7.115001960477618e-05,0.9999899197241608,4.3778302379119546e-05,0.9999999914717929,3.7037533174311635e-08,0.9999999658455818,1.4833075602606222e-07,1.0,-0.0,0.999999999989315,4.6404402018258646e-11,1.0,-0.0
10.550000000000008,0.9995817508643806,0.0018168128833025384,0.9999896820344067,4.4810586393619805e-05,0.999999992932683,3.069296765776925e-08,0.9999999618375511,1.6573741275392884e-07,1.0,-0.0,0.9999999999976991,9.992843372169934e-12,1.0,-0.0
10.570000000000007,0.999983660134784,7.096371275378704e-05,0.999989662091909,4.489719645546695e-05,0.9999999949783425,2.180878162605531e-08,0.9999999704431615,1.2836372066754096e-07,1.0,-0.0,0.9999999999760432,1.0404321902261353e-10,1.0,-0.0
10.590000000000009,0.9999499377842667,0.00021742288282942935,0.9999900098841552,4.338673856931357e-05,0.9999999959358261,1.765048295910835e-08,0.9999999770964306,9.946893909099715e-08,1.0,-0.0,0.9999999999764012,1.0248824098275937e-10,1.0,-0.0
10.610000000000008,0.9999973634815065,1.1450269426173197e-05,0.9999905078000207,4.122429637606913e-05,0.9999999967517437,1.4106998024689761e-08,0.9999999831865345,7.301995353505428e-08,1.0,-0.0,0.9999999999918772,3.527702738159562e-11,1.0,-0.0
10.630000000000008,0.999953670757503,0.00020121000466173525,0.9999911944732472,3.824208516082059e-05,0.9999999978616017,9.28694603329636e-09,0.9999999885892957,4.955605927517975e-08,1.0,-0.0,0.9999999999995658,1.8857423608453627e-12,1.0,-0.0
10.650000000000007,0.9999981469296363,8.047789791943909e-06,0.999991969897518,3.487443199314532e-05,0.9999999982566465,7.571287890362331e-09,0.9999999948016406,2.25761881240588e-08,1.0,-0.0,0.9999999999943822,2.4397967067599972e-11,1.0,-0.0
10.670000000000009,0.9999900100955028,4.338582068915309e-05,0.9999930358700346,3.0244937467132613e-05,0.9999999986441052,5.888576478209137e-09,0.9999999893377246,4.630567393668319e-08,1.0,-0.0,0.9999999999976794,1.0078186352960096e-11,1.0,-0.0
10.690000000000008,0.9999985460667251,6.314356573714593e-06,0.9999938853228032,2.6555786842014334e-05,0.9999999989913041,4.380710654987679e-09,0.9999999813620739,8.094348531028479e-08,1.0,-0.0,0.9999999999998094,8.278751300360758e-13,1.0,-0.0
10.710000000000008,0.9999993904244119,2.6473539491047297e-06,0.9999952500076356,2.0629003723428075e-05,0.9999999993127575,2.984656191293341e-09,0.9999999765411707,1.0188040246619237e-07,1.0,-0.0,0.9999999999931188,2.988450818858919e-11,1.0,-0.0
10.730000000000008,0.9999946122455359,2.339878336970019e-05,0.9999980548570037,8.447656914186012e-06,0.9999999994884012,2.221845199295916e-09,0.9999999720901528,1.2121092803704336e-07,1.0,-0.0,0.9999999999888832,4.827953677699195e-11,1.0,-0.0
10.750000000000009,0.9999972184854488,1.2079981009710155e-05,0.9999964459103208,1.543524278790288e-05,0.9999999996230767,1.6369569645485738e-09,0.9999999684305024,1.3710458808246027e-07,1.0,-0.0,0.9999999999949803,2.18000688726916e-11,1.0,-0.0
10.770000000000008,0.999964193049059,0.00015551039626759278,0.9999969546235954,1.3225921817365878e-05,0.999999999742434,1.1185947888317387e-09,0.9999999666891246,1.4466729610792488e-07,1.0,-0.0,0.9999999999903971,4.170475210996352e-11,1.0,-0.0
10.790000000000008,0.9999949270609362,2.2031550306894847e-05,0.999997409807431,1.124907796641658e-05,0.9999999998153769,8.01807912197878e-10,0.9999999672256138,1.4233735309835537e-07,1.0,-0.0,0.9999999999958582,1.7987600233655716e-11,1.0,-0.0
10.810000000000008,0.9998006551721071,0.000865829889720889,0.9999979372715349,8.958325140077918e-06,0.999999999868267,5.721089669384178e-10,0.9999999697751173,1.3126499974528105e-07,1.0,-0.0,0.9999999999999086,3.9682075248669576e-13,1.0,-0.0
10.830000000000009,0.9999752940147385,0.00010729805614806798,0.9999982449131279,7.622252126812416e-06,0.9999999998859608,4.95266050592943e-10,0.9999999710525689,1.257170978213245e-07,1.0,-0.0,0.9999999999975085,1.0820236338474638e-11,1.0,-0.0
10.850000000000009,0.9995907681883675,0.0017776349333085135,0.9999988334452021,5.0662860705829905e-06,0.9999999999328173,2.9177077560002974e-10,0.9999999708689687,1.2651446309996482e-07,1.0,-0.0,0.9999999999992778,3.136475084965699e-12,1.0,-0.0
10.870000000000008,0.9999927031490555,3.168993662305773e-05,0.9999988901666697,4.819947586695529e-06,0.9999999999529439,2.0436220537171396e-10,0.9999999727092208,1.185223497167896e-07,1.0,-0.0,0.9999999999998953,4.5468040047989866e-13,1.0,-0.0
10.890000000000008,0.9999273885673025,0.00031535889490548024,0.9999985732206055,6.196428599802193e-06,0.9999999999630775,1.603522284513071e-10,0.9999999751931933,1.0773459405721262e-07,1.0,-0.0,0.9999999999989362,4.620092892259256e-12,1.0,-0.0
10.910000000000009,0.9999975601112461,1.0596315149792606e-05,0.9999987310239741,5.51109635399477e-06,0.9999999999748999,1.090085411480182e-10,0.9999999779449825,9.578372495027902e-08,1.0,-0.0,0.9999999999995192,2.088251128821645e-12,1.0,-0.0
10.930000000000009,0.9999855789569924,6.263024561289211e-05,0.9999988500899639,4.993998704872798e-06,0.9999999999732367,1.1623135387268962e-10,0.99999998045186,8.489649414542615e-08,1.0,-0.0,0.99999999999861,6.036689940627773e-12,1.0,-0.0
10.950000000000008,0.9999367157351471,0.00027484876706206123,0.9999991961769491,3.4909605573776633e-06,0.9999999999798145,8.766459916657772e-11,0.9999999859686117,6.09375454337252e-08,1.0,-0.0,0.999999999997391,1.1330847732015904e-11,1.0,-0.0
10.970000000000008,0.999989886752613,4.392149743772944e-05,0.999998985573156,4.405602040889891e-06,0.9999999999797812,8.780924828656364e-11,0.9999999846815414,6.652722097709233e-08,1.0,-0.0,0.9999999999981226,8.153388729715695e-12,1.0,-0.0
10.990000000000009,0.999852228797636,0.0006418095993649195,0.9999990861666568,3.968729596771286e-06,0.9999999999858139,6.160943534732669e-11,0.9999999852430481,6.408862819651033e-08,1.0,-0.0,0.9999999999999641,1.5573888584835866e-13,1.0,-0.0
11.010000000000009,0.9993464389577242,0.0028393074739476967,0.9999991983384054,3.4815734641974427e-06,0.9999999999881315,5.1544267415045625e-11,0.9999999872666504,5.530023501308023e-08,1.0,-0.0,0.999999999999979,9.112894558928659e-14,1.0,-0.0
11.030000000000008,0.9998114461989364,0.0008189559644947871,0.9999993904500226,2.647242723024774e-06,0.9999999999885114,4.989430311975369e-11,0.9999999910280439,3.896471029243867e-08,1.0,-0.0,0.9999999999998064,8.408935508345478e-13,1.0,-0.0
11.050000000000008,0.9999841659896122,6.876677780679229e-05,0.9999995056792705,2.1468081815569647e-06,0.999999999990293,4.215702169178139e-11,0.9999999908690708,3.965512199485792e-08,1.0,-0.0,0.9999999999999861,6.027046665958086e-14,1.0,-0.0
11.07000000000001,0.9999960625450858,1.710018308553752e-05,0.999999494195096,2.1966833426444197e-06,0.9999999999925204,3.2483370710968956e-11,0.9999999922079201,3.384057303373853e-08,1.0,-0.0,0.9999999999998086,8.312502761690131e-13,1.0,-0.0
11.090000000000009,0.9999986029573433,6.067283405880543e-06,0.9999996019096682,1.7288846881680005e-06,0.9999999999938348,2.677503427266783e-11,0.9999999934934041,2.825778717007103e-08,1.0,-0.0,0.9999999999999347,2.8351227516667565e-13,1.0,-0.0
11.110000000000008,0.9999988677967966,4.917098819934028e-06,0.9999996891498524,1.3500052479365782e-06,0.9999999999971321,1.2455253558020117e-11,0.9999999943757567,2.4425778340355098e-08,1.0,-0.0,0.9999999999995323,2.0313558082949744e-12,1.0,-0.0
11.130000000000008,0.9999728179352682,0.00011805181165103665,0.9999996226289658,1.6389018870654903e-06,0.999999999999479,2.2627944002678777e-12,0.9999999945950709,2.3473308721241808e-08,1.0,-0.0,0.9999999999994252,2.4961616471739014e-12,1.0,-0.0
11.15000000000001,0.9999763769113961,0.0001025949820719316,0.9999996987130365,1.308472854238883e-06,0.9999999999947055,2.2993906276290728e-11,0.9999999963282619,1.5946156142807673e-08,1.0,-0.0,0.999999999999249,3.2613554918844413e-12,1.0,-0.0
11.170000000000009,0.9999953279915946,2.0290322096896325e-05,0.9999997706521226,9.96045289941044e-07,0.9999999999866336,5.8049620504496185e-11,0.9999999967518836,1.4106390498383859e-08,1.0,-0.0,0.999999999999803,8.553584628328498e-13,1.0,-0.0
11.190000000000008,0.9999983272534008,7.264652252664767e-06,0.999999840070726,6.945640676710445e-07,0.9999999999742653,1.1176458904749753e-10,0.9999999967499263,1.411489056286541e-08,1.0,-0.0,0.9999999999999953,2.0250876797619075e-14,1.0,-0.0
11.210000000000008,0.9999485247314258,0.00022356000491758127,0.9999998628096216,5.958102839235181e-07,0.9999999999701343,1.2970493723575364e-10,0.9999999976241681,1.0318106699410306e-08,1.0,-0.0,0.9999999999999654,1.504350847823154e-13,1.0,-0.0
11.23000000000001,0.9999135263543847,0.0003755665097445607,0.9999998219051063,7.734563648575427e-07,0.9999999999764168,1.0242073806009905e-10,0.999999998197729,7.827163505118667e-09,1.0,-0.0,0.9999999999999982,7.714619732426303e-15,1.0,-0.0
11.250000000000009,0.9998159289449506,0.0007994840180513855,0.9999998411881337,6.897112268210427e-07,0.9999999999614677,1.6734360258408217e-10,0.9999999983526378,7.1544033398997776e-09,1.0,-0.0,0.999999999999996,1.7357894397959203e-14,1.0,-0.0
11.270000000000008,0.9995576436343904,0.001921554323424759,0.9999998885377631,4.840743711743663e-07,0.9999999999563247,1.8967935536530752e-10,0.9999999985135866,6.455411539000852e-09,1.0,-0.0,0.9999999999999144,3.7174823835630813e-13,1.0,-0.0
11.290000000000008,0.9999826815381914,7.521377528075237e-05,0.9999998955505331,4.536182946117587e-07,0.9999999999401203,2.6005404522307714e-10,0.9999999991150691,3.84320609655156e-09,1.0,-0.0,0.9999999999999366,2.753154917009722e-13,1.0,-0.0
11.31000000000001,0.9997529336423199,0.0010731281304328713,0.9999998778771905,5.303726553263038e-07,0.9999999999138274,3.742429535283903e-10,0.9999999990480054,4.134459992887221e-09,1.0,-0.0,0.9999999999999107,3.876596415544387e-13,1.0,-0.0
11.330000000000009,0.9999249000307833,0.00032616726994856907,0.9999998905354976,4.753983193745466e-07,0.9999999999328301,2.917153267706992e-10,0.9999999993339538,2.892601973437609e-09,1.0,-0.0,0.999999999999761,1.0380985177447376e-12,1.0,-0.0
11.350000000000009,0.9999424387864833,0.00024999236902085835,0.9999999117321126,3.833425813787625e-07,0.9999999999175994,3.5786144068893557e-10,0.9999999994874181,2.226114759156267e-09,1.0,-0.0,0.9999999999998638,5.91614900730482e-13,1.0,-0.0
11.370000000000008,0.9999604498561903,0.00017176748888734076,0.9999999060631884,4.0796240820564685e-07,0.9999999998890076,4.820340312591432e-10,0.9999999995295495,2.043140372580112e-09,1.0,-0.0,0.9999999999999086,3.9682075248669576e-13,1.0,-0.0
11.39000000000001,0.9997118604478645,0.0012515544949412863,0.9999999090434277,3.950193922790493e-07,0.999999999861425,6.018237534968069e-10,0.9999999999229889,3.344548022551553e-10,1.0,-0.0,0.9999999999999974,1.1089765865362815e-14,1.0,-0.0
11.410000000000009,0.9999891738545196,4.701760693448892e-05,0.9999999186110617,3.53467682107895e-07,0.9999999998165594,7.966723862738033e-10,0.999999999976943,1.0013528196431447e-10,1.0,-0.0,0.9999999999999852,6.412777652579407e-14,1.0,-0.0
11.430000000000009,0.9999962403907263,1.632780630981664e-05,0.9999999283735237,3.110698453176092e-07,0.9999999998494143,6.539851904976823e-10,0.9999999999791197,9.068197980948492e-11,1.0,-0.0,0.9999999999999997,1.446491199829931e-15,1.0,-0.0
11.450000000000008,0.9999934856971371,2.82913500174142e-05,0.999999929309922,3.070031189163957e-07,0.9999999998228273,7.694513505430291e-10,0.9999999999902126,4.250610823467708e-11,1.0,-0.0,0.9999999999999912,3.809093492885501e-14,1.0,-0.0
11.47000000000001,0.9995329807999116,0.0020287123761098245,0.9999999329939855,2.9100343333013883e-07,0.9999999997724079,9.884197419263995e-10,0.9999999999933871,2.871960060898496e-11,1.0,-0.0,0.9999999999999981,8.196783465702948e-15,1.0,-0.0
11.490000000000009,0.9999365346570045,0.0002756352292851582,0.999999944759269,2.3990745307676316e-07,0.9999999997172769,1.2278506800030744e-09,0.9999999999984948,6.537175895769654e-12,1.0,-0.0,0.9999999999999858,6.171695785941082e-14,1.0,-0.0
11.510000000000009,0.9999950449341429,2.151963090756846e-05,0.9999999482025438,2.2495349992570124e-07,0.9999999996517878,1.5122665300956254e-09,0.9999999999988191,5.128775630866686e-12,1.0,-0.0,0.9999999999999714,1.2439824318537582e-13,1.0,-0.0
11.530000000000008,0.9999943576730154,2.4504383876141637e-05,0.9999999493530186,2.1995705098252374e-07,0.9999999997156199,1.2350469737242692e-09,0.9999999999991007,3.905526239542569e-12,1.0,-0.0,0.9999999999999672,1.4223830131661217e-13,1.0,-0.0
11.55000000000001,0.9996258826771729,0.001625074892174168,0.9999999368487565,2.742623742461489e-07,0.9999999996307403,1.6036746485192695e-09,1.0,-0.0,1.0,-0.0,0.9999999999999383,2.680830357018221e-13,1.0,-0.0
11.57000000000001,0.9998839474629506,0.000504039012583027,0.9999989326255153,4.635550962172653e-06,0.9999999995494937,1.9565239973306772e-09,1.0,-0.0,1.0,-0.0,0.9999999999999765,1.0221871145464964e-13,1.0,-0.0
11.590000000000009,0.9999945144781907,2.3823383863491458e-05,0.9999997583261139,1.0495764784718311e-06,0.9999999994385209,2.438472685826142e-09,1.0,-0.0,1.0,-0.0,0.9999999999999997,1.446491199829931e-15,1.0,-0.0
11.610000000000008,0.9999958850791828,1.7870910812503493e-05,0.9999999103755215,3.8923418202578625e-07,0.9999999993413787,2.860355827262176e-09,1.0,-0.0,1.0,-0.0,0.9999999999999998,9.643274665532871e-16,1.0,-0.0
11.63000000000001,0.9999614604154768,0.00016737851430242436,0.9999999157928885,3.657068540378811e-07,0.9999999994070452,2.575169961598841e-09,1.0,-0.0,1.0,-0.0,0.9999999999999998,9.643274665532871e-16,1.0,-0.0
11.65000000000001,0.9999050293610935,0.0004124718308659295,0.9999999055253972,4.1029800617451947e-07,0.9999999993594787,2.7817486737750243e-09,1.0,-0.0,1.0,-0.0,0.9999999999999997,1.446491199829931e-15,1.0,-0.0
11.670000000000009,0.9999869100777375,5.684918214776554e-05,0.999999781986994,9.468185580182467e-07,0.9999999991787959,3.5664441134146697e-09,1.0,-0.0,1.0,-0.0,0.9999999999999977,1.0125438398809526e-14,1.0,-0.0
11.690000000000008,0.999813971584974,0.0008079862977655983,0.999999867391795,5.759101549313216e-07,0.9999999990090475,4.303652211385828e-09,1.0,-0.0,1.0,-0.0,0.9999999999999998,9.643274665532871e-16,1.0,-0.0
11.71000000000001,0.9991173132748773,0.0038351526079670726,0.9999998440212106,6.774073283083047e-07,0.9999999988120092,5.159378566079373e-09,1.0,-0.0,1.0,-0.0,0.9999999999999998,9.643274665532871e-16,1.0,-0.0
11.73000000000001,0.9979054467952309,0.009106068894367273,0.9999998227202995,7.699160249432025e-07,0.9999999988220603,5.115727318926734e-09,1.0,-0.0,1.0,-0.0,0.9999999999999949,2.217953173072566e-14,1.0,-0.0
11.750000000000009,0.9999384582404262,0.0002672806904417373,0.9999998002457622,8.675217188543238e-07,0.9999999988728805,4.895017834092443e-09,1.0,-0.0,1.0,-0.0,0.9999999999999898,4.4359063461451436e-14,1.0,-0.0
11.770000000000008,0.9992602769889376,0.003213765012977971,0.9999997836681751,9.395172797573191e-07,0.999999998540369,6.3390967706325264e-09,1.0,-0.0,1.0,-0.0,0.9999999999999996,1.9286549331065747e-15,1.0,-0.0
11.79000000000001,0.9999794715376724,8.91548942178631e-05,0.999999786702269,9.263403746950927e-07,0.9999999982408028,7.640096512531277e-09,1.0,-0.0,1.0,-0.0,1.0,-0.0,1.0,-0.0
11.81000000000001,0.9999935999917976,2.77949714084992e-05,0.9999998006486197,8.657721305036737e-07,0.999999997888295,9.171018442330838e-09,1.0,-0.0,1.0,-0.0,1.0,-0.0,1.0,-0.0
11.830000000000009,0.9999896333571652,4.5021991154117156e-05,0.9999997578703289,1.0515559279044157e-06,0.9999999974576198,1.1041416911044226e-08,1.0,-0.0,1.0,-0.0,1.0,-0.0,1.0,-0.0
11.850000000000009,0.9999967537757198,1.4098195801913575e-05,0.9999997738390225,9.822047565742184e-07,0.9999999980237017,8.582954676293977e-09,1.0,-0.0,1.0,-0.0,1.0,-0.0,1.0,-0.0
11.87000000000001,0.9999383506847068,0.0002677478277693373,0.999999717073083,1.2287361621960679e-06,0.9999999975033602,1.0842768827579885e-08,1.0,-0.0,1.0,-0.0,1.0,-0.0,1.0,-0.0
11.89000000000001,0.9999064815181288,0.0004061645985707741,0.999999696189205,1.3194337183928426e-06,0.9999999970671256,1.2737311646027827e-08,1.0,-0.0,1.0,-0.0,1.0,-0.0,1.0,-0.0
11.910000000000009,0.9992423747774509,0.0032915715813692046,0.9999996827123608,1.3779629272477062e-06,0.9999999965557154,1.4958338137818212e-08,1.0,-0.0,1.0,-0.0,1.0,-0.0,1.0,-0.0
11.930000000000009,0.9999840212484465,6.939539070102902e-05,0.9999996877205859,1.3562124753376505e-06,0.9999999958871155,1.7862030369293462e-08,1.0,-0.0,1.0,-0.0,1.0,-0.0,1.0,-0.0
11.95000000000001,0.9999935968611938,2.780856753498615e-05,0.9999997192805797,1.2191491229600437e-06,0.9999999958564465,1.7995224243851123e-08,1.0,-0.0,1.0,-0.0,1.0,-0.0,1.0,-0.0
11.97000000000001,0.9998943529864233,0.00045884338840298795,0.9999996916774677,1.339027950596037e-06,0.999999995872086,1.7927302802791003e-08,1.0,-0.0,1.0,-0.0,1.0,-0.0,1.0,-0.0
11.990000000000009,0.9999964745744993,1.531075540184682e-05,0.9999996050201585,1.715375995035882e-06,0.9999999952214674,2.0752903315472216e-08,1.0,-0.0,1.0,-0.0,1.0,-0.0,1.0,-0.0
12.010000000000009,0.9999966463612816,1.4564692319333086e-05,0.9999995379905273,2.006482109223288e-06,0.9999999945259819,2.3773358731928246e-08,1.0,-0.0,1.0,-0.0,1.0,-0.0,1.0,-0.0
12.03000000000001,0.999994052991982,2.58276044592394e-05,0.9999994088747421,2.5672251347716323e-06,0.9999999940894357,2.5669254507460527e-08,1.0,-0.0,1.0,-0.0,1.0,-0.0,1.0,-0.0
12.05000000000001,0.9999927727814399,3.1387524823804894e-05,0.9999989361872433,4.620082557422608e-06,0.9999999925160437,3.2502409549642945e-08,1.0,-0.0,1.0,-0.0,1.0,-0.0,1.0,-0.0
12.07000000000001,0.9998914645657859,0.00047138898336822517,0.9999948853944587,2.2212506441188845e-05,0.9999999924719452,3.269392691459289e-08,1.0,-0.0,1.0,-0.0,1.0,-0.0,1.0,-0.0
12.090000000000009,0.9993822737902295,0.002683579786449522,0.9999990003075732,4.341611215907442e-06,0.9999999934047712,2.8642714874434333e-08,1.0,-0.0,1.0,-0.0,1.0,-0.0,1.0,-0.0
12.11000000000001,0.9998246382843841,0.0007616530386346987,0.9999995035715384,2.1559619502949615e-06,0.9999999921921537,3.390904558819896e-08,1.0,-0.0,1.0,-0.0,1.0,-0.0,1.0,-0.0
12.13000000000001,0.999943470666939,0.00024551071348443906,0.9999987258947867,5.53337216019938e-06,0.9999999905579602,4.1006258096523705e-08,1.0,-0.0,1.0,-0.0,1.0,-0.0,1.0,-0.0
12.15000000000001,0.9999894218051054,4.594075969773211e-05,0.9999982365503132,7.658571433803135e-06,0.9999999887328288,4.893270304665577e-08,1.0,-0.0,1.0,-0.0,1.0,-0.0,1.0,-0.0
12.170000000000009,0.999996976678899,1.3130136560290041e-05,0.9999977110253141,9.940902130286536e-06,0.9999999871715392,5.571329793836538e-08,1.0,-0.0,1.0,-0.0,1.0,-0.0,1.0,-0.0
12.19000000000001,0.9999974176108792,1.121518793374541e-05,0.9999971224146496,1.2497212369954004e-05,0.9999999868600252,5.706618574589304e-08,1.0,-0.0,1.0,-0.0,1.0,-0.0,1.0,-0.0
12.21000000000001,0.999996844823284,1.3702779989274897e-05,0.9999965274055294,1.5081312350539303e-05,0.9999999882854776,5.0875524454734414e-08,1.0,-0.0,1.0,-0.0,1.0,-0.0,1.0,-0.0
12.23000000000001,0.999994673682615,2.313196409600593e-05,0.9999960041989964,1.7353577937350095e-05,0.9999999877007464,5.34149800961732e-08,1.0,-0.0,1.0,-0.0,1.0,-0.0,1.0,-0.0
12.250000000000009,0.9999687243599137,0.00013583050317882286,0.9999980679548545,8.390773560622828e-06,0.9999999848793014,6.566836006382953e-08,1.0,-0.0,1.0,-0.0,1.0,-0.0,1.0,-0.0
12.27000000000001,0.9992200832184642,0.0033884570747404795,0.9999956984427332,1.8681466025469665e-05,0.9999999821511759,7.751645877929093e-08,1.0,-0.0,1.0,-0.0,1.0,-0.0,1.0,-0.0
12.29000000000001,0.9992802006089126,0.0031271746405338984,0.9999941331679872,2.5479402435699353e-05,0.999999978063537,9.52688492893569e-08,1.0,-0.0,1.0,-0.0,1.0,-0.0,1.0,-0.0
12.31000000000001,0.9999816958329474,7.949471501236648e-05,0.999993165276067,2.9682930331927874e-05,0.9999999804976971,8.469742609396378e-08,1.0,-0.0,1.0,-0.0,1.0,-0.0,1.0,-0.0
12.330000000000009,0.9999904860508761,4.1318752608537096e-05,0.9999923202686436,3.33527775761998e-05,0.9999999815154674,8.027730570449294e-08,1.0,-0.0,1.0,-0.0,1.0,-0.0,1.0,-0.0
12.35000000000001,0.9999809820322058,8.259477009536622e-05,0.9999917510141406,3.582503816059794e-05,0.9999999807402321,8.364410998621886e-08,1.0,-0.0,1.0,-0.0,1.0,-0.0,1.0,-0.0
12.37000000000001,0.9990327335685187,0.004202817687298682,0.999992791056562,3.1308156404152697e-05,0.9999999758503065,1.0488078739102528e-07,1.0,-0.0,1.0,-0.0,1.0,-0.0,1.0,-0.0
12.39000000000001,0.999905722658184,0.0004094605949234666,0.9999963546792379,1.583145577301339e-05,0.9999999695009382,1.3245574458684214e-07,1.0,-0.0,1.0,-0.0,1.0,-0.0,1.0,-0.0
12.410000000000009,0.9998179846258521,0.000790554674874938,0.999990876821184,3.962164290983e-05,0.9999999687508049,1.3571353216768046e-07,1.0,-0.0,1.0,-0.0,1.0,-0.0,1.0,-0.0
12.43000000000001,0.9998810460755607,0.0005166410586971301,0.9999902705857253,4.225451487263327e-05,0.9999999686955048,1.3595369744857344e-07,1.0,-0.0,1.0,-0.0,1.0,-0.0,1.0,-0.0
12.45000000000001,0.9970950457105838,0.012634416279457758,0.9999902338076674,4.241424150576889e-05,0.999999974781242,1.0952367565270631e-07,1.0,-0.0,1.0,-0.0,1.0,-0.0,1.0,-0.0
12.47000000000001,0.9999181596270547,0.00035544276865343114,0.9999906627278163,4.0551447174178625e-05,0.9999999690395804,1.3445939581075797e-07,1.0,-0.0,1.0,-0.0,1.0,-0.0,1.0,-0.0
12.490000000000009,0.9999210532402476,0.0003428749558575473,0.9999938342359282,2.6777655683233878e-05,0.9999999639296328,1.5665161738823327e-07,1.0,-0.0,1.0,-0.0,0.9999999999999999,4.821637332766436e-16,1.0,-0.0
12.51000000000001,0.9966328103920524,0.014648194149505047,0.9999954157811818,1.99090549996474e-05,0.9999999548641949,1.9602231530734147e-07,1.0,-0.0,1.0,-0.0,0.9999999999999999,4.821637332766436e-16,1.0,-0.0
12.53000000000001,0.9946083384934159,0.023479040958533096,0.9999921948164379,3.38976138015032e-05,0.9999999502087258,2.1624076176757188e-07,1.0,-0.0,1.0,-0.0,0.9999999999999999,4.821637332766436e-16,1.0,-0.0
12.55000000000001,0.9994105913968228,0.0025605237109632946,0.9999929508094018,3.0614353690335654e-05,0.9999999583849711,1.8073177777391592e-07,1.0,-0.0,1.0,-0.0,0.9999999999999999,4.821637332766436e-16,1.0,-0.0
12.57000000000001,0.9949657851944469,0.021918534821523564,0.9999939024305078,2.6481488571341342e-05,0.9999999615436348,1.670138752302478e-07,1.0,-0.0,1.0,-0.0,0.9999999999999999,4.821637332766436e-16,1.0,-0.0
12.59000000000001,0.9980869551751954,0.008316205285895868,0.9999931011949704,2.996123290918337e-05,0.9999999584450099,1.8047103277722776e-07,1.0,-0.0,1.0,-0.0,0.9999999999999999,4.821637332766436e-16,1.0,-0.0
12.61000000000001,0.9998324446493667,0.0007277446123886063,0.999968362143641,0.00013740363794916902,0.9999999414654848,2.5421217711388147e-07,1.0,-0.0,1.0,-0.0,0.9999999999999999,4.821637332766436e-16,1.0,-0.0
12.63000000000001,0.9999200910746638,0.0003470539198206906,0.9998124766846778,0.0008144797800878051,0.999999930991229,2.9970129495740256e-07,1.0,-0.0,1.0,-0.0,0.9999999999999999,4.821637332766436e-16,1.0,-0.0
12.65000000000001,0.9999794029199771,8.945290321006624e-05,0.9999914697848197,3.704641182978017e-05,0.9999999410282787,2.561109389714105e-07,1.0,-0.0,1.0,-0.0,0.9999999999999993,2.8929823996598624e-15,1.0,-0.0
12.67000000000001,0.9999825725181345,7.568725159760149e-05,0.9999973676418699,1.1432201149956012e-05,0.9999999360079416,2.7791398750992055e-07,1.0,-0.0,1.0,-0.0,0.9999999999999983,7.232455999149659e-15,1.0,-0.0
12.69000000000001,0.9999774557553727,9.790951405543651e-05,0.9999960053816458,1.7348441735646248e-05,0.9999999460941483,2.341101455414037e-07,1.0,-0.0,1.0,-0.0,0.9999999999999215,3.408897594266004e-13,1.0,-0.0
12.71000000000001,0.9999603561463849,0.0001721744815167079,0.9999948581279762,2.2330923877439027e-05,0.999999942567726,2.494252041829903e-07,1.0,-0.0,1.0,-0.0,0.9999999999998692,5.679888777999232e-13,1.0,-0.0
12.73000000000001,0.9997764820838078,0.0009708344795803336,0.9999932942130364,2.912296039740057e-05,0.9999999054231029,4.107422646478984e-07,1.0,-0.0,1.0,-0.0,0.999999999999724,1.1986590409259013e-12,1.0,-0.0
12.75000000000001,0.9956320892764084,0.019011145030909594,0.9999955547001734,1.9305734760778705e-05,0.9999999227692882,3.354087327457565e-07,1.0,-0.0,1.0,-0.0,0.9999999999997532,1.071849979074111e-12,1.0,-0.0
12.77000000000001,0.999873948533294,0.0005474690696266722,0.9999923735422825,3.312141133128619e-05,0.9999999103642808,3.8928299966166484e-07,1.0,-0.0,1.0,-0.0,0.9999999999999023,4.2430408528346707e-13,1.0,-0.0
12.79000000000001,0.9999622011048053,0.00016416161863455826,0.9999894606455858,4.577207585356981e-05,0.9999999216545812,3.402498440839632e-07,1.0,-0.0,1.0,-0.0,0.9999999999999979,9.161110932256236e-15,1.0,-0.0
12.81000000000001,0.9999585247100726,0.00018012863097737484,0.9999882608797457,5.098265073480562e-05,0.9999999147867539,3.7007644154348116e-07,1.0,-0.0,1.0,-0.0,0.9999999999999994,2.410818666383218e-15,1.0,-0.0
12.83000000000001,0.9988886489152706,0.00482922041254794,0.9999893391183593,4.629986748694153e-05,0.9999999226621279,3.358741239673748e-07,1.0,-0.0,1.0,-0.0,0.9999999999999997,1.446491199829931e-15,1.0,-0.0
12.85000000000001,0.9998686211095925,0.0005706087552187871,0.9999912105450867,3.817228543503898e-05,0.9999998713636558,5.58660580702338e-07,1.0,-0.0,1.0,-0.0,0.9999999999999999,4.821637332766436e-16,1.0,-0.0
12.87000000000001,0.9967226040949859,0.014256925142115425,0.999983647210674,7.10198423678844e-05,0.9999998915685007,4.709120437873977e-07,1.0,-0.0,1.0,-0.0,0.9999999999999999,4.821637332766436e-16,1.0,-0.0
12.89000000000001,0.9982551564758734,0.007584377845299244,0.999982442809287,7.625057981850286e-05,0.9999999009011058,4.303810504706497e-07,1.0,-0.0,1.0,-0.0,0.9999999999999999,4.821637332766436e-16,1.0,-0.0
12.91000000000001,0.999876059022849,0.0005383021841220729,0.9999805635459609,8.4412267709813e-05,0.9999998844040554,5.020268376927044e-07,1.0,-0.0,1.0,-0.0,0.9999999999999999,4.821637332766436e-16,1.0,-0.0
12.93000000000001,0.9999716516795119,0.0001231169366797075,0.9999857464344707,6.190288973775166e-05,0.9999998950422042,4.558259393553622e-07,1.0,-0.0,1.0,-0.0,0.9999999999999999,4.821637332766436e-16,1.0,-0.0
12.95000000000001,0.9999769895944991,9.993407112013304e-05,0.9999747589829396,0.00010962172775718228,0.9999998765539295,5.361195052983852e-07,1.0,-0.0,1.0,-0.0,0.9999999999999999,4.821637332766436e-16,1.0,-0.0
12.97000000000001,0.9999417752158751,0.0002528743864041199,0.9999726706239895,0.0001186915938430285,0.9999998470205909,6.64381183163216e-07,1.0,-0.0,1.0,-0.0,0.9999999999999999,4.821637332766436e-16,1.0,-0.0
12.99000000000001,0.9988574071821542,0.004965054616872836,0.9999673344857493,0.0001418668429655911,0.999999850844049,6.477761130838827e-07,1.0,-0.0,1.0,-0.0,0.9999999999999999,4.821637332766436e-16,1.0,-0.0
13.01000000000001,0.9994213620450172,0.0025137200457591687,0.9999727937892958,0.00011815667912826004,0.9999998887023891,4.833594095499204e-07,1.0,-0.0,1.0,-0.0,0.9999999999999999,4.821637332766436e-16,1.0,-0.0
13.03000000000001,0.99969453879485,0.001326803812185379,0.9999549886134381,0.00019548636765561182,0.9999998563316627,6.239437061212189e-07,1.0,-0.0,1.0,-0.0,1.0,-0.0,1.0,-0.0
13.05000000000001,0.99998727335586,5.5271464942284264e-05,0.9999396556658476,0.0002620800209666807,0.9999998777687998,5.308433899079597e-07,0.9999999999999706,1.2777338931831243e-13,1.0,-0.0,1.0,-0.0,1.0,-0.0
13.070000000000011,0.9999941302660899,2.5492005289887614e-05,0.9999274898496097,0.000314918999514975,0.999999808311316,8.32493456995273e-07,0.9999999999999614,1.677929791802752e-13,1.0,-0.0,1.0,-0.0,1.0,-0.0
13.09000000000001,0.9999946164878587,2.338035909653439e-05,0.9999565522650055,0.00018869521481276104,0.9999998067701851,8.391865046957242e-07,0.9999999999999571,1.861152010447884e-13,1.0,-0.0,1.0,-0.0,1.0,-0.0
13.11000000000001,0.9999932749180304,2.9206758106641778e-05,0.999932806228197,0.0002918286477665732,0.9999998244369892,7.624605350792982e-07,0.9999999999999517,2.09741223975345e-13,1.0,-0.0,1.0,-0.0,1.0,-0.0
13.13000000000001,0.999938372505573,0.0002676530551097829,0.999885179265351,0.0004986887451131977,0.9999998704816057,5.62491276107094e-07,0.9999999999999459,2.3481373810573175e-13,1.0,-0.0,1.0,-0.0,1.0,-0.0
13.150000000000011,0.9998934916056603,0.0004625847143958831,0.999856528982245,0.0006231314149586127,0.9999998397058376,6.96148757858161e-07,0.9999999999999383,2.680830357018221e-13,1.0,-0.0,1.0,-0.0,1.0,-0.0
13.17000000000001,0.9999868642322572,5.7048289149773894e-05,0.999848577860207,0.0006576677914897711,0.9999998653137722,5.849348947723716e-07,0.9999999999999297,3.0520964316412607e-13,1.0,-0.0,1.0,-0.0,1.0,-0.0
13.19000000000001,0.9999830540539266,7.359593228108697e-05,0.9999169109121748,0.0003608663157225906,0.9999997451977034,1.1065924548575517e-06,0.9999999999999186,3.5342601649179406e-13,1.0,-0.0,1.0,-0.0,1.0,-0.0
13.21000000000001,0.9999577268075265,0.00018359402281690532,0.999727577751847,0.001183275973874921,0.9999997295859495,1.174393458333689e-06,0.9999999999999049,4.132143194181032e-13,1.0,-0.0,1.0,-0.0,1.0,-0.0
13.230000000000011,0.9991518432674733,0.0036850608628485274,0.9997100123697706,0.0012595829168487891,0.9999997870312968,9.249114247894863e-07,0.9999999999998873,4.893961892758208e-13,1.0,-0.0,1.0,-0.0,1.0,-0.0
13.25000000000001,0.9956443984472269,0.018957452788809993,0.999673763216272,0.0014170595107081804,0.9999998513155953,6.457282129685982e-07,0.9999999999998649,5.867932633977149e-13,1.0,-0.0,1.0,-0.0,1.0,-0.0
13.27000000000001,0.9984555655930614,0.0067125783097116976,0.9998708518017432,0.0005609197201721625,0.9999998198031815,7.825849096757758e-07,0.9999999999998346,7.184239625822583e-13,1.0,-0.0,1.0,-0.0,1.0,-0.0
13.29000000000001,0.9977721579668744,0.009686188675262965,0.999605521213329,0.0017135376021332623,0.9999998390139673,6.991535130441709e-07,0.9999999999997932,8.982710350944798e-13,1.0,-0.0,1.0,-0.0,1.0,-0.0
13.310000000000011,0.9998200556346027,0.0007815587700736499,0.9994623304541931,0.0023356971412079887,0.9999997749525179,9.773689063744256e-07,0.9999999999997338,1.1562286323975451e-12,1.0,-0.0,1.0,-0.0,1.0,-0.0
13.33000000000001,0.9999449046288341,0.00023928274850398712,0.9993955568042626,0.002625857116031422,0.9999996077585731,1.7034832068284606e-06,0.9999999999996453,1.5405131278191495e-12,1.0,-0.0,1.0,-0.0,1.0,-0.0
13.35000000000001,0.9995263965657674,0.0020573207965378267,0.9998028894691775,0.0008561245369654396,0.9999997622564546,1.0325072215151838e-06,0.9999999999995024,2.161057852546454e-12,1.0,-0.0,0.9999999999999999,4.821637332766436e-16,1.0,-0.0
13.37000000000001,0.9973076919353165,0.011708313636237987,0.9992767483385576,0.003142178485843578,0.9999998303362411,7.368404053345951e-07,0.9999999999992502,3.2565338545516714e-12,1.0,-0.0,0.9999999999999999,4.821637332766436e-16,1.0,-0.0
13.390000000000011,0.9999068932014231,0.0004043765138896202,0.9990664945401698,0.004056056170284004,0.999999828979018,7.427347514197738e-07,0.9999999999956624,1.8838137059159318e-11,1.0,-0.0,0.9999999999999999,4.821637332766436e-16,1.0,-0.0
13.41000000000001,0.9996920749680939,0.001337507358535103,0.998961643057431,0.004511869775285748,0.9999997931591922,8.982983075664086e-07,0.9999999999878403,5.2808982887445454e-11,1.0,-0.0,0.9999999999999992,3.3751461329365063e-15,1.0,-0.0
13.43000000000001,0.987335642821429,0.05535184670094375,0.9997374646151117,0.0011403263841770108,0.9999997691124349,1.0027320702457342e-06,0.9999999999742714,1.1173807004216663e-10,1.0,-0.0,0.9999999999999982,7.714619732426303e-15,1.0,-0.0
13.45000000000001,0.9995499404218184,0.001955023884939258,0.9987443412227985,0.005456683364503963,0.9999995070884592,2.1406881499692435e-06,0.9999999996727644,1.4211660321358362e-09,1.0,-0.0,0.9999999999998967,4.4841227194730167e-13,1.0,-0.0
13.470000000000011,0.9972340750872146,0.012028902469712447,0.9984001688429651,0.006953542165772544,0.9999996640712102,1.4589204422085403e-06,0.999999999655523,1.4960446134476476e-09,1.0,-0.0,0.9999999999999559,1.914190021108317e-13,1.0,-0.0
13.49000000000001,0.9991329730949914,0.00376708332245589,0.9969423087243032,0.013299728093265002,0.9999997678055845,1.0084076507584146e-06,0.9999999995517612,1.94667628523781e-09,1.0,-0.0,0.9999999999999546,1.972049669101517e-13,1.0,-0.0
13.51000000000001,0.9924306217326047,0.03299843911794953,0.9991378997132534,0.0037456687769630297,0.9999998213738391,7.757636291482913e-07,0.9999999993464954,2.8381343472720768e-09,1.0,-0.0,0.9999999999999308,3.003880058313593e-13,1.0,-0.0
13.53000000000001,0.9998751248950707,0.0005423595542868529,0.9980725558371748,0.008378861130892416,0.9999998085055062,8.316500994261812e-07,0.9999999994068349,2.5760831797102086e-09,1.0,-0.0,0.9999999999999928,3.134064266298194e-14,1.0,-0.0
13.550000000000011,0.9999576013893955,0.00018413872989977414,0.9979605523324838,0.00886625288700188,0.9999998387544816,7.002804451075372e-07,0.9999999988606053,4.94832826732259e-09,1.0,-0.0,0.9999999999998459,6.692432617880329e-13,1.0,-0.0
13.570000000000011,0.999971815944416,0.0001224035230999137,0.9994692726068144,0.0023055316410842,0.9999994572043057,2.3573323880436786e-06,0.9999999985821956,6.157446405496541e-09,1.0,-0.0,0.9999999999997433,1.114762551335743e-12,1.0,-0.0
13.59000000000001,0.9999772480756403,9.881147610104292e-05,0.9980258057411127,0.008582291073451903,0.9999995760250759,1.8413000901679867e-06,0.9999999984917461,6.5502632709167915e-09,1.0,-0.0,0.9999999999999694,1.3307719038435566e-13,1.0,-0.0
13.61000000000001,0.9999377548557694,0.0002703356402739112,0.9978069038594337,0.009534954883552911,0.9999996180894634,1.6586167031554918e-06,0.9999999976256638,1.0311610989580175e-08,1.0,-0.0,0.9999999999994373,2.443605800246717e-12,1.0,-0.0
13.630000000000011,0.9999634313737731,0.00015881842971492724,0.9983652101513179,0.007105611778339288,0.9999997267742144,1.1866046718946543e-06,0.9999999978147655,9.490353072747376e-09,1.0,-0.0,0.9999999999999665,1.456134474495488e-13,1.0,-0.0
13.650000000000011,0.999915320835893,0.0003677725085927389,0.9991047041021549,0.003889962274632234,0.9999997220938464,1.2069312578570229e-06,0.9999999964564634,1.538938383792637e-08,1.0,-0.0,0.9999999999999161,3.6451578235715786e-13,1.0,-0.0
13.67000000000001,0.9988584620988394,0.004960467933628165,0.9978868892000872,0.00918683342104846,0.9999997332178929,1.158620124269861e-06,0.9999999957911798,1.82786738389162e-08,1.0,-0.0,0.999999999999995,2.1697367997449015e-14,1.0,-0.0
13.69000000000001,0.996107232904171,0.01693906403853022,0.9981418072636022,0.0080775356527337,0.999999448786798,2.3938891794556456e-06,0.9999999951533743,2.104862783509851e-08,1.0,-0.0,0.9999999999999899,4.3876899728174784e-14,1.0,-0.0
13.710000000000012,0.9955943874585148,0.01917560338521729,0.9995431054420764,0.00198472129189145,0.9999993979695143,2.614585965738845e-06,0.9999999938751195,2.660001807997777e-08,1.0,-0.0,0.999999999999962,1.6489999678061524e-13,1.0,-0.0
13.730000000000011,0.9997703152875612,0.000997622605613938,0.998257746572485,0.007573109551823041,0.9999995019997896,2.16278797217996e-06,0.9999999923304623,3.3308379023055345e-08,1.0,-0.0,0.9999999999999968,1.3982748265022685e-14,1.0,-0.0
13.75000000000001,0.9999464233937182,0.0002326864780044685,0.9985604262965798,0.006256493579961305,0.9999995639394104,1.8937874914512028e-06,0.9999999926023121,3.212775048604109e-08,1.0,-0.0,0.9999999999999178,3.568011626247309e-13,1.0,-0.0
13.77000000000001,0.999972780100289,0.00011821613134737003,0.9996115650464575,0.0016872792893636405,0.99999968414361,1.3717470893328784e-06,0.9999999892819229,4.654801762840219e-08,1.0,-0.0,0.9999999999999244,3.2835350236140664e-13,1.0,-0.0
13.790000000000012,0.9999772559274245,9.877737545971102e-05,0.9987849691718795,0.005280020183568014,0.9999996259275196,1.624576444705772e-06,0.9999999902694875,4.225907908378203e-08,1.0,-0.0,0.9999999999999976,1.060760213208617e-14,1.0,-0.0
13.810000000000011,0.9999816280076286,7.978928203106673e-05,0.9991307727752466,0.003776647492606482,0.9999994759130303,2.276081386261005e-06,0.9999999856839091,6.217399311044411e-08,1.0,-0.0,0.9999999999999896,4.532339092800473e-14,1.0,-0.0
13.83000000000001,0.999978232433295,9.453636996162299e-05,0.9994821190729547,0.0022497108804595063,0.9999989830088339,4.416738761527993e-06,0.9999999876523001,5.362537947623732e-08,1.0,-0.0,0.9999999999999396,2.62297070902502e-13,1.0,-0.0
13.85000000000001,0.9998442217139274,0.000676589200738152,0.998942366733018,0.004595673614541114,0.9999994111195158,2.55747620070831e-06,0.9999999810535889,8.228321873445151e-08,1.0,-0.0,0.9999999999999928,3.134064266298194e-14,1.0,-0.0
13.870000000000012,0.9995075360118245,0.002139270726149054,0.9748931474753593,0.11042982255161761,0.9999995280635783,2.0495943212600326e-06,0.9999999853102973,6.379656860054379e-08,1.0,-0.0,0.9999999999997837,9.392549524230031e-13,1.0,-0.0
13.890000000000011,0.999971580388837,0.00012342655693476067,0.9707205530830103,0.12905774953975607,0.9999994975554145,2.182089657606801e-06,0.9999999772843934,9.865262719299286e-08,1.0,-0.0,0.9999999999994114,2.5564321138335164e-12,1.0,-0.0
13.91000000000001,0.9994364417450163,0.0024481923180129433,0.9938952046419034,0.026594047828067627,0.9999994472801819,2.4004323339359953e-06,0.9999999803577081,8.530539069662517e-08,1.0,-0.0,0.9999999999996693,1.4363657614313586e-12,1.0,-0.0
13.93000000000001,0.9999250302599445,0.00032560164944625477,0.9980173568101443,0.008619057052929952,0.9999995017353376,2.163936473264146e-06,0.9999999789390767,9.146642886079288e-08,1.0,-0.0,0.999999999999988,5.207368319387782e-14,1.0,-0.0
13.950000000000012,0.9999593706867635,0.00017645445005692986,0.997670858955151,0.010127129373428101,0.9999991293130268,3.781347125385396e-06,0.9999999716818005,1.2298437933590437e-07,1.0,-0.0,0.9999999999999094,3.9344560635375896e-13,1.0,-0.0
13.970000000000011,0.9999220536040815,0.00033853009008819653,0.9986344929710225,0.005934374314507627,0.9999994242674931,2.500375227725179e-06,0.9999999775874054,9.733666250770468e-08,1.0,-0.0,0.9999999999999927,3.182280639625859e-14,1.0,-0.0
13.99000000000001,0.9997390954925163,0.00113324171940428,0.9976192694932371,0.010351708429066117,0.9999994988013089,2.176678804315577e-06,0.9999999672288479,1.4232330766834473e-07,1.0,-0.0,0.9999999999999983,7.232455999149659e-15,1.0,-0.0
14.01000000000001,0.9906992787357047,0.04058153189156702,0.9976872081121396,0.010055960706698078,0.999999466318173,2.3177513438483427e-06,0.9999999736702003,1.1434886858520778e-07,1.0,-0.0,0.9999999999999972,1.2054093331916106e-14,1.0,-0.0
14.030000000000012,0.9993526101644757,0.002812488818682434,0.9974195870281078,0.011221074885208926,0.9999994123801894,2.5520011617576665e-06,0.9999999720106989,1.215559918975533e-07,1.0,-0.0,0.9999999999999994,2.410818666383218e-15,1.0,-0.0
14.050000000000011,0.9998761159183128,0.0005380550596405829,0.9953307241999569,0.02032589777119096,0.9999994718746238,2.2936199720662206e-06,0.9999999180717727,3.5580978491891933e-07,1.0,-0.0,0.9999999999999984,6.750292265873015e-15,1.0,-0.0
14.070000000000011,0.9998705167066435,0.0005623752079166335,0.9971192944952628,0.01252879961461742,0.9999995628017236,1.8987284042661814e-06,0.9999999563436892,1.8959695289606283e-07,1.0,-0.0,0.9999999999999947,2.314385919727895e-14,1.0,-0.0
14.09000000000001,0.9998746815196491,0.0005442853501878646,0.9952507318606991,0.02067494383958601,0.9999995381934496,2.0056008287489202e-06,0.999999970152618,1.2962553499822103e-07,1.0,-0.0,0.9999999999999982,7.714619732426303e-15,1.0,-0.0
14.110000000000012,0.9996858834464423,0.0013644051611898353,0.9945300525641882,0.023820888938991758,0.9999992644091553,3.194631622803723e-06,0.999999964542975,1.5398790567713718e-07,1.0,-0.0,0.9999999999999882,5.110935572732452e-14,1.0,-0.0
14.130000000000011,0.9902976362425514,0.04234257573313567,0.9942584964673118,0.025006890489443122,0.9999997687458637,1.004324069184857e-06,0.9999999706233599,1.2758112888578266e-07,1.0,-0.0,0.9999999999999963,1.5911403198129265e-14,1.0,-0.0
14.150000000000011,0.9982060657453532,0.007797954078531439,0.991340178843831,0.0377729158567362,0.9999996656504148,1.4520620417135108e-06,0.9999999761721112,1.0348320732893641e-07,1.0,-0.0,0.9999999999998864,4.932534991420344e-13,1.0,-0.0
14.17000000000001,0.9764023995786508,0.10371161943822374,0.9956817403878476,0.018794572400301177,0.9999997459989216,1.1031128075291466e-06,0.99999997560906,1.0592850799365968e-07,1.0,-0.0,0.9999999999998939,4.609485290124958e-13,1.0,-0.0
14.190000000000012,0.9958690314441931,0.017977726817743872,0.9880320794542838,0.0522895449759016,0.9999996462711538,1.5362251317114482e-06,0.9999999695716322,1.3214872440950658e-07,1.0,-0.0,0.999999999999872,5.559347844680056e-13,1.0,-0.0
14.210000000000012,0.9899462866534664,0.04388369082098435,0.9855744505247157,0.0631056343853107,0.9999998061085017,8.420601596361984e-07,0.9999999780329146,9.540184065751611e-08,1.0,-0.0,0.9999999999998987,4.3973332474832115e-13,1.0,-0.0
14.230000000000011,0.9996660447293791,0.0014505915421607826,0.9931545983155229,0.029831422706390852,0.9999998444538971,6.755281941908896e-07,0.999999959804562,1.745665726239631e-07,1.0,-0.0,0.9999999999998266,7.531397513781825e-13,1.0,-0.0
14.25000000000001,0.9998362766613572,0.0007110996387054363,0.9796654315866691,0.0892221616875703,0.9999997718263384,9.909457346766576e-07,0.9999999353186193,2.809076762660078e-07,1.0,-0.0,0.9999999999999742,1.1186198612018274e-13,1.0,-0.0
14.270000000000012,0.9998410693339066,0.0006902819678353062,0.9928984157785518,0.030951822433830656,0.9999998367708319,7.088953276446045e-07,0.9999999620767647,1.6469852151948432e-07,1.0,-0.0,0.9999999999999839,6.991374132511388e-14,1.0,-0.0
14.290000000000012,0.9997497303912363,0.0010870431333461993,0.9746562512196375,0.1114852740033094,0.9999998119993254,8.164766324064461e-07,0.9999999759994153,1.0423321640913026e-07,1.0,-0.0,0.9999999999999125,3.7994502182201174e-13,1.0,-0.0
14.310000000000011,0.9989346986662451,0.004629010991940547,0.9695290503304975,0.13439173476234115,0.9999997966784127,8.830145241221944e-07,0.9999999852190153,6.419300121706674e-08,1.0,-0.0,0.9999999999999937,2.7483332796768772e-14,1.0,-0.0
14.33000000000001,0.9767201527614643,0.10229851348688182,0.990925898351666,0.03958820933723083,0.9999997605837115,1.0397718540334501e-06,0.9999999870397669,5.628557759860687e-08,1.0,-0.0,0.9999999999999805,8.48608170566901e-14,1.0,-0.0
14.350000000000012,0.9947410093871185,0.022899773800745794,0.9581640608762573,0.18560122828572903,0.9999996628735163,1.4641219626679714e-06,0.9999999741518583,1.122570546939882e-07,1.0,-0.0,0.999999999999999,4.3394735994897936e-15,1.0,-0.0
14.370000000000012,0.9932379798512542,0.02946682065058369,0.9883547486257104,0.05087146790834657,0.9999997460629491,1.1028347397762354e-06,0.999999549073085,1.95835115092809e-06,1.0,-0.0,0.9999999999999986,6.268128532596371e-15,1.0,-0.0
14.390000000000011,0.9986231880631914,0.0059835383170911294,0.95292404193791,0.2094171581701319,0.9999997345664654,1.1527633468639745e-06,0.9999996441278787,1.5455332605614914e-06,1.0,-0.0,0.9999999999999836,7.136023252494382e-14,1.0,-0.0
14.41000000000001,0.9839347528276933,0.0703369976622298,0.9458933927849035,0.24157808137548692,0.9999997360156602,1.1464695723050417e-06,0.9999998139041174,8.082042243513127e-07,1.0,-0.0,0.9999999999999436,2.449391765045418e-13,1.0,-0.0
14.430000000000012,0.9977730110442243,0.009682475536703263,0.9841622310953865,0.06933305773793726,0.9999994627758207,2.3331355926560017e-06,0.999999898180825,4.4219508097039453e-07,1.0,-0.0,0.9999999999999908,4.0019589861961604e-14,1.0,-0.0
14.450000000000012,0.9996664268298355,0.0014489315469163506,0.927870997686672,0.32512399737215875,0.9999994844237642,2.2391197193699445e-06,0.9999999401313696,2.600061659428999e-07,1.0,-0.0,0.9999999999999934,2.8447660263322066e-14,1.0,-0.0
14.470000000000011,0.9993878134824531,0.0026595064047286116,0.9846743544701347,0.0670737299465546,0.9999995740096246,1.8500530879356854e-06,0.999999959438331,1.7615709390976545e-07,1.0,-0.0,0.9999999999999994,2.410818666383218e-15,1.0,-0.0
14.49000000000001,0.987472802158132,0.05474857256244348,0.920253161773567,0.36092681744969424,0.9999996229584264,1.6374710574504904e-06,0.9999999678155238,1.3977540639469455e-07,1.0,-0.0,0.999999999999999,4.3394735994897936e-15,1.0,-0.0
14.510000000000012,0.9655661386429851,0.1521797288000767,0.9247389656765955,0.3398084214217826,0.9999996616547752,1.469414889836458e-06,0.999999971542671,1.2358861151436e-07,1.0,-0.0,0.99999999999995,2.16973679974495e-13,1.0,-0.0
14.530000000000012,0.9773991199174968,0.09928056360790324,0.9661510342620677,0.1495497687709114,0.9999995381656843,2.0057214116861716e-06,0.9999999724761529,1.1953455076599791e-07,1.0,-0.0,0.999999999999978,9.546841918877647e-14,1.0,-0.0
14.550000000000011,0.995673858569144,0.0188289512964877,0.8961419858449551,0.4762317473108871,0.9999994695234947,2.30383080128083e-06,0.9999999722788762,1.2039131283112414e-07,1.0,-0.0,0.9999999999998926,4.662523300785394e-13,1.0,-0.0
14.570000000000011,0.999636501150204,0.0015789424357144004,0.9805946485788163,0.08510481168396615,0.9999994935769214,2.1993680422776705e-06,0.9999999715603741,1.235117276119194e-07,1.0,-0.0,0.9999999999999841,6.894941385856058e-14,1.0,-0.0
14.590000000000012,0.9998402549243841,0.0006938194671091651,0.8902560595363624,0.5048506161411425,0.9999993165486549,2.9681924924565348e-06,0.9999999694319287,1.3275544889365074e-07,1.0,-0.0,0.9999999999998829,5.086827386068887e-13,1.0,-0.0
14.610000000000012,0.9999087012064858,0.000396523723620715,0.9473385156325502,0.23494805366989618,0.9999994992720593,2.1746343601128786e-06,0.9999999694316606,1.327566133191022e-07,1.0,-0.0,0.9999999999998758,5.395412175365977e-13,1.0,-0.0
14.630000000000011,0.9999337034713327,0.000287931710237387,0.9149243170315896,0.3861482949090053,0.9999996456858959,1.5387668751248145e-06,0.9999999714663959,1.2391987006265375e-07,1.0,-0.0,0.9999999999999923,3.326929759608853e-14,1.0,-0.0
14.650000000000011,0.9999329691331805,0.00029112111292817113,0.8783571967736659,0.5632883598361503,0.9999995736483949,1.8516218893139857e-06,0.9999999725811263,1.1907865722904109e-07,1.0,-0.0,0.9999999999999976,1.060760213208617e-14,1.0,-0.0
14.670000000000012,0.9999332688622075,0.00028981931923827934,0.9756450624444764,0.10708148990719304,0.9999996591147815,1.4804459458881705e-06,0.9999999735845735,1.1472074123161451e-07,1.0,-0.0,0.9999999999999363,2.767619829008022e-13,1.0,-0.0
14.690000000000012,0.9998807572214404,0.0005178956856262964,0.8699708553285227,0.6049529632622374,0.9999996286746158,1.6126459529755457e-06,0.9999999743443,1.1142129086158953e-07,1.0,-0.0,0.9999999999999538,2.0058011304308835e-13,1.0,-0.0
14.710000000000012,0.9996880260961909,0.0013550968376387581,0.9686123329150158,0.13850005573561144,0.9999994008156318,2.6022254272689053e-06,0.9999999753399165,1.0709738332728443e-07,1.0,-0.0,0.9999999999998899,4.783064234104567e-13,1.0,-0.0
14.730000000000011,0.9917759414066281,0.035864310732142676,0.8823791685758672,0.5434475337763668,0.999999099753378,3.909723162839223e-06,0.999999976220586,1.0327268403037446e-07,1.0,-0.0,0.9999999999999908,4.0019589861961604e-14,1.0,-0.0
14.750000000000012,0.9995170202712782,0.0020980610118135424,0.894576360678618,0.48382582311894023,0.9999996718655685,1.4250699631030828e-06,0.9999999772621532,9.874921519856543e-08,1.0,-0.0,0.9999999999999936,2.7965496530045417e-14,1.0,-0.0
14.770000000000012,0.9998732449809545,0.0005505249448869572,0.9601683052924872,0.17652633988349892,0.9999997244279378,1.196794424570429e-06,0.9999999784189086,9.372548991543885e-08,1.0,-0.0,0.9999999999999626,1.624891781142319e-13,1.0,-0.0
14.790000000000012,0.9998896246720297,0.00047938041512966546,0.8813187710647697,0.5486697981203187,0.9999996803254405,1.3883291938213442e-06,0.9999999794988192,8.903549764808618e-08,1.0,-0.0,0.999999999999972,1.2150526078571589e-13,1.0,-0.0
14.810000000000011,0.9999235481741561,0.0003320387536006709,0.9754493855452542,0.10795260506966617,0.9999997424789016,1.1184000642920368e-06,0.9999999807658715,8.353275957367653e-08,1.0,-0.0,0.9999999999999981,8.196783465702948e-15,1.0,-0.0
14.830000000000013,0.9997894019536769,0.0009147120158399542,0.8934629329124454,0.4892346035532634,0.999999769265223,1.0020685197379901e-06,0.9999999820988525,7.774369628271754e-08,1.0,-0.0,0.9999999999999775,9.787923785515974e-14,1.0,-0.0
14.850000000000012,0.9976938986124665,0.010026836973258398,0.9638307292648471,0.15999231451069404,0.9999990897454195,3.9531872135365215e-06,0.999999983614747,7.116025039575505e-08,1.0,-0.0,0.9999999999999869,5.689532052664431e-14,1.0,-0.0
14.870000000000012,0.9995668032095407,0.0018817573718074227,0.9214936951683661,0.35507631864283495,0.9999995045914709,2.151532437654061e-06,0.9999999850156243,6.507631747495594e-08,1.0,-0.0,0.9999999999999692,1.3355935411763233e-13,1.0,-0.0
14.890000000000011,0.9930618567793255,0.030236989152482154,0.9237208508235311,0.3445925309100786,0.9999997753113601,9.758104742453453e-07,0.9999999863394812,5.9326879871232034e-08,1.0,-0.0,0.9999999999999984,6.750292265873015e-15,1.0,-0.0
14.910000000000013,0.9989584326090479,0.0045258270905374175,0.954170067589466,0.20374211424776997,0.99999979038349,9.103530316678084e-07,0.9999999880600717,5.185444992205435e-08,1.0,-0.0,0.999999999999993,3.037631519642865e-14,1.0,-0.0
14.930000000000012,0.9960215530348226,0.017312637220683665,0.8496454971041578,0.707622398922739,0.9999997694563069,1.001238653080336e-06,0.9999999898961535,4.388044819276841e-08,1.0,-0.0,0.9999999999999877,5.3520174393707764e-14,1.0,-0.0
14.950000000000012,0.9764250280703703,0.10361097122989893,0.6149548025140589,2.1115680250110667,0.9999997881365708,9.201112798498302e-07,0.9999999904448984,4.149727918224464e-08,1.0,-0.0,0.9999999999998481,6.595999871224984e-13,1.0,-0.0
14.970000000000011,0.998943871458542,0.004589131760661841,0.14219231213232855,8.471238838366645,0.9999995807474444,1.8207910957267786e-06,0.9999999904689284,4.139291821632711e-08,1.0,-0.0,0.9999999999999606,1.7116812531321183e-13,1.0,-0.0
